id,product_id,name,item_id,review_count,vendor_name,price,original_price,candidate_price,discount_rate,product_rating,category,shipping_fee,shipping_days,created_at
2668,1274197935,스타벅스 리유저블 벤티 콜드컵,2279852988,2968,디이노,11900,0,11900,0,4.5,쿠팡수입 > 주방용품 > 밀폐저장/도시락 > 물병/물통/텀블러 > 텀블러/쉐이커,0,3,2026-01-25 14:43:07.747778+00
2669,1301293443,샌디스크 크루저 블레이드 USB 메모리 CZ50 64GB,17715891,21847,컴샷정보,19970,0,19970,0,4.5,쿠팡수입 > 가전디지털 > 저장장치 > USB메모리,0,4,2026-01-25 14:43:07.747778+00
2670,132687601,로지텍 USB 유선 일반형 키보드,27457904886,13366,유니마트,15400,0,15400,0,5,쿠팡수입 > 가전디지털 > 키보드/마우스 > 키보드 > 유선키보드,0,2,2026-01-25 14:43:07.747778+00
2671,1392806270,"쓰리엠 슈퍼그립 200 코팅작업장갑 L, 회색, 1개",25883961139,5519,케이와이컴퍼니,22000,0,22000,0,5,생활용품 > 안전/호신용품 > 목장갑/안전장갑 > 코팅작업장갑,0,1,2026-01-25 14:43:07.747778+00
2672,150978890,버츠비 레스큐 오인트먼트 15g 3개,24779728449,9533,태경유통,9690,0,9690,0,5,R.LUX > 뷰티 > 메이크업 > 립 메이크업 > 립케어,0,7,2026-01-25 14:43:07.747778+00
2673,1606107457,유닉스 캔디바 5단계 온도조절 고데기,2743099690,7007,아지몰,9900,0,9900,0,4.5,가전디지털 > 뷰티/헤어가전 > 고데기/매직기 > 매직기,0,6,2026-01-25 14:43:07.747778+00
2674,1662710143,소싱 제로 신발 건조기 퍼플,2766018878,2886,필리,30000,0,30000,0,4.5,가전디지털 > 계절가전 > 건조기/탈수기 > 신발건조기,0,5,2026-01-25 14:43:07.747778+00
2675,167301095,로얄캐닌 인도어 고양이사료,479015661,28648,주식회사 전설,24280,0,24280,0,5,반려동물용품 > 고양이 사료 > 건식사료,0,6,2026-01-25 14:43:07.747778+00
2676,1675092181,"미샤 워터 인 메이크업 스펀지, 1가지색상, 2개",26686362989,508,제이와이스타일,16000,0,16000,0,4.5,R.LUX > 뷰티 > 뷰티소품 > 페이스소품 > 퍼프,0,1,2026-01-25 14:43:07.747778+00
2677,1693099184,"스킨1004 마다가스카르 센텔라 앰플, 100ml, 2개",16251234832,4034,이상철,11930,0,11930,0,4.5,R.LUX > 뷰티 > 스킨케어 > 스킨케어 > 에센스/세럼/앰플,0,1,2026-01-25 14:43:07.747778+00
2678,169628288,Apple 라이트닝 USB 케이블,27430592573,11794,올픽스,17900,0,17900,0,5,쿠팡수입 > 가전디지털 > 차량용 디지털 > 차량용 충전기 > 충전 케이블,0,1,2026-01-25 14:43:07.747778+00
2679,1708649699,"스킨1004 마다가스카르 센텔라 앰플폼, 125ml, 1개",2907836251,1502,하오란 유한회사,22490,0,22490,0,5,쿠팡수입 > 뷰티 > 클렌징/필링 > 클렌징 폼,0,3,2026-01-25 14:43:07.747778+00
2680,1730253755,"풍년보감 6년근 고려홍삼정 에브리데이100, 15g, 100개",2945133627,16099,클릭온,40020,0,40020,0,5,식품 > 식품 선물세트 > 건강 > 홍삼/인삼,0,3,2026-01-25 14:43:07.747778+00
2681,1836727385,"[정샘물] 에센셜 스킨 누더 롱웨어 쿠션(리필 포함), (본품+리필) 페어, 2개",25636413317,4120,리시엘컴퍼니,111700,0,111700,28,4.5,뷰티 > 메이크업 > 베이스 메이크업 > 쿠션/팩트,0,3,2026-01-25 14:43:07.747778+00
2682,191053476,"미주라 초코 칩 쿠키, 200g, 4개",25424686174,253,미라클직구,13500,0,13500,0,4.5,쿠팡수입 > 식품 > 과자/초콜릿/시리얼 > 쿠키/파이 > 과자쿠키,0,1,2026-01-25 14:43:07.747778+00
2683,1951427832,챠오츄르 대용량 90P 코스트코 고양이 츄르 간식 버라이어티 반려묘 차오추르 90P,23960028523,36925,커스텀비,10900,0,10900,0,5,반려동물용품 > 고양이 간식 > 파우치,0,4,2026-01-25 14:43:07.747778+00
2684,2046891044,"나르시소로드리게즈 나르시소 오드퍼퓸 엉브레, 50ml, 1개",15307051239,379,노빈라이트 유한회사,29000,0,29000,0,4.5,R.LUX > 뷰티 > 향수 > 향수,0,1,2026-01-25 14:43:07.747778+00
2685,2074981,"솔가 트리플 스트렝스 오메가 3 950mg 소프트젤, 100정, 1개",9359549,3126,카프카,15000,0,15000,0,4.5,쿠팡수입 > 식품 > 곤약/방탄커피 외 > 건강식품 > MCT오일/영양제,0,3,2026-01-25 14:43:07.747778+00
2686,2206286181,"아트박스/모로칸오일 모로칸오일 헤어에센스 트리트먼트 오리지날 125ML, 1개",26686660899,2114,미스터수필,43000,0,43000,0,4,뷰티 > 헤어 > 헤어에센스/오일 > 헤어오일,0,1,2026-01-25 14:43:07.747778+00
2687,2206374653,"브로슈낭 유기농엑스트라버진 올리브유, 500ml, 1개",23964082746,15769,주식회사 에쓰와이컴퍼니,25900,0,25900,0,5,식품 > 사과식초/땅콩버터 외 > 조미료/오일/소스 > 올리브유/오일/버터 > 엑스트라버진 올리브유,0,4,2026-01-25 14:43:07.747778+00
2688,220719096,"스포츠리서치 비타민D3 엑스트라 스트렝스 소프트젤 30개 코코넛 MCT, 30정, 1개",20476209763,616,고바나나스,15130,0,15130,0,5,쿠팡수입 > 식품 > 건강식품 > 비타민/미네랄 > 비타민D,0,3,2026-01-25 14:43:07.747778+00
2689,220719134,"코큐텐 코엔자임Q10 100mg USP 등급 바이오페린 코코넛오일함유 고함량, 30정, 2개",25953500931,801,제이엠파크,36060,0,36060,0,5,식품 > 사과식초/땅콩버터 외 > 건강식품 > MCT오일/영양제 > 코엔자임Q10,0,1,2026-01-25 14:43:07.747778+00
2690,2255309,"케라시스 러블리 앤 로맨틱 퍼퓸 린스, 600ml, 3개",24113348942,56375,패스트몰,14900,0,14900,0,4.5,쿠팡수입 > 생활용품 > 헤어 > 샴푸/린스 > 린스/컨디셔너,0,4,2026-01-25 14:43:07.747778+00
2691,22559961,"제트스트림 볼펜 SXN-150 0.5mm, 블랙, 10개",87636101,10613,기가철물,6990,0,6990,0,5,문구/오피스 > 학용품/수업준비 > 학년별 준비물 > 초등 고학년 > 펜/펜리필,0,3,2026-01-25 14:43:07.747778+00
2692,2270230024,Apple 정품 20W USB-C 전원 어댑터 MUW13KH/A,22170383583,6258,블루스토어,12700,0,12700,0,5,가전디지털 > 휴대폰 액세서리 > 케이블/충전기 > 충전기,0,3,2026-01-25 14:43:07.747778+00
2693,2297891034,"몽블랑 익스플로러 오 드 퍼퓸, 30ml, 1개",3958565753,3892,무지개숲,39400,0,39400,0,5,R.LUX > 뷰티 > 향수 > 향수,0,0,2026-01-25 14:43:07.747778+00
2694,232929583,"락앤락 비스프리 모듈러 밀폐용기 직사각, 2개, 1.8L",739885058,1873,선스마켓,16300,0,16300,0,5,주방용품 > 밀폐저장/도시락 > 밀폐보관용기 > 밀폐용기/세트,0,3,2026-01-25 14:43:07.747778+00
2695,2365823,"라이프익스텐션 어드벤스드 밀크시슬, 120정, 1개",10878640,4210,오엠마켓,169900,0,169900,0,5,식품 > 사과식초/땅콩버터 외 > 건강식품 > MCT오일/영양제 > 밀크시슬,0,11,2026-01-25 14:43:07.747778+00
2696,264493817,"더블에이 80g 백색 복사용지, A4, 1000매",12645276926,93163,선스마켓,8800,0,8800,0,4.5,쿠팡수입 > 문구/오피스 > 복사용품/라벨지 > 복사용지,0,4,2026-01-25 14:43:07.747778+00
2697,277160437,몰텐 B7G4500 6호 7호 농구공 KBL프로농구 시합구 FIBA공인구 프리미엄 천연가죽,5101826164,172,노빈라이트 유한회사,68000,0,68000,0,4.5,스포츠/레저 > 구기스포츠 > 농구 > 농구공,0,6,2026-01-25 14:43:07.747778+00
2698,307020051,크리넥스 3겹 데코 앤 소프트 화장지,20484538120,258579,부영 인터네셔널,19990,0,19990,0,5,싱글라이프 > 세제/화장지 > 화장지 > 고급롤화장지(3겹이상),0,5,2026-01-25 14:43:07.747778+00
2699,309382251,"불닭 소스 오리지널, 200g, 1개",975247318,82822,(주)이레푸드,18000,0,18000,0,5,식품 > 장/소스/드레싱/식초 > 소스 > 기타소스,0,1,2026-01-25 14:43:07.747778+00
2700,313575074,하루틴 리포좀 비타민C 1100mg,27588383565,0,오구컴퍼니,17500,0,0,0,0,건강식품,0,0,2026-01-25 14:43:07.747778+00
2701,333346100,오릭스 거품비누 4.1KG 대용량 엘시시 버블핸드워시 손세정제,26434759100,323,골든상사,11040,0,11040,0,4.5,R.LUX > 뷰티 > 헤어/바디 > 바디 > 핸드/풋/데오 > 핸드워시/비누,0,4,2026-01-25 14:43:07.747778+00
2702,339080659,프랑떼 워셔블 메모리폼 경추베개,24031667737,6353,정식총판도로시,32000,0,32000,0,4.5,홈인테리어 > FW 침구샵 > 베개/바디필로우 > 경추베개,0,5,2026-01-25 14:43:07.747778+00
2703,35838053,"나우푸드 멀레큐럴리 디스틸드 오메가3 1000mg 피쉬 소프트젤, 200정, 1개",68202,19363,바이유웰,33900,0,33900,0,5,쿠팡수입 > 식품 > 곤약/방탄커피 외 > 건강식품 > MCT오일/영양제,0,3,2026-01-25 14:43:07.747778+00
2704,42761521,"제트스트림 SXE3-800 0.5mm, 블랙, 1개",154915810,1750,컬러즈(COLOURZ),15060,0,15060,0,5,문구/오피스 > 학용품/수업준비 > 학년별 준비물 > 초등 고학년 > 펜/펜리필,0,1,2026-01-25 14:43:07.747778+00
2705,4604557201,브리츠 레인보우 LED 유선 게이밍 사운드바,27568960247,2960,유니마트,34400,0,34400,1,5,쿠팡수입 > 가전디지털 > PC주변기기 > 헤드셋/스피커 > PC용 스피커,0,2,2026-01-25 14:43:07.747778+00
2706,4609306633,크록스 본사 남녀공용 오프로드 스포츠 클로그 202651,19842794885,6652,프리패,34900,0,34900,0,5,패션의류/잡화 > 여성패션 > 신발 > 샌들,0,5,2026-01-25 14:43:07.747778+00
2707,4733032665,"랑방 에끌라 드 아르페쥬 오 드 퍼퓸 내추럴 스프레이, 30ml, 1개",21438915323,1136,초이스굿,67300,0,67300,0,4.5,R.LUX > 뷰티 > 향수 > 향수,0,0,2026-01-25 14:43:07.747778+00
2708,4867275870,로지텍 G102 유선 마우스 2세대,6319728095,3118,시그널직구,7290,0,7290,0,5,쿠팡수입 > 가전디지털 > 키보드/마우스 > 마우스 > 유선마우스,0,6,2026-01-25 14:43:07.747778+00
2709,50599736,"신선한 튀르키예 터키 선물용 디저트 고급 귤루올루 바클라바(피스타치오), 250g, 1개",178374577,624,이교샵,17160,0,17160,0,4.5,식품 > 과자/초콜릿/시리얼 > 쿠키/파이 > 과자파이/과자케이크,0,3,2026-01-25 14:43:07.747778+00
2710,5100099096,HP NO 206A W2110A 토너 M255 M282 M283,6946722021,205,부영 마켓플레이스,73000,0,73000,0,5,문구/오피스 > 복사용품/라벨지 > 잉크/토너 > 토너,0,5,2026-01-25 14:43:07.747778+00
2711,5125712998,"누텔라 스프레드, 370g, 3개",22565288226,74886,베리페리,18640,0,18640,0,5,싱글라이프 > 간식/베이커리 > 잼/시럽/꿀 > 잼/스프레드 > 초코잼,0,3,2026-01-25 14:43:07.747778+00
2712,5237526108,휘슬러 모던 커트러리 2인 수저세트,27199821615,988,필로지스,25000,0,25000,0,5,주방용품 > 수저/커트러리 > 수저/커트러리세트 > 한식수저세트,0,12,2026-01-25 14:43:07.747778+00
2713,5387625549,스타벅스 하우스블렌드 네스프레소 캡슐커피,21048718264,46631,그릿,40000,0,40000,0,5,홈카페 > 원두/커피 > 캡슐커피,0,5,2026-01-25 14:43:07.747778+00
2714,5428150943,"더마비 데일리 모이스처 바디로션 150ml (튜브형) x2개, 300g, 1개",26176133943,30907,주식회사 스킨앤뷰티,11660,19000,11660,43,5,뷰티 > 바디 > 바디로션/크림 > 바디로션,0,1,2026-01-25 14:43:07.747778+00
2715,5569104652,"삼양 치즈불닭볶음면 145g 4가지치즈, 1개",26849462736,5769,포에버 알이즈웰,12900,0,12900,0,5,싱글라이프 > 즉석식품/라면 > 라면/파스타/면 > 라면/컵면 > 봉지라면,0,3,2026-01-25 14:43:07.747778+00
2716,5760782092,"타비아 구피밀 관상어 사료, 260ml, 1개",20638983305,10955,물속이야기,18000,0,18000,0,5,반려동물용품 > 관상어 용품 > 사료 > 기타사료,0,1,2026-01-25 14:43:07.747778+00
2717,57628799,"불닭볶음면 까르보 큰컵 105g, 1개",19083403288,43246,더나인에스제이에프,14900,0,14900,0,5,식품 > 면/통조림/가공식품 > 라면/컵라면 > 컵라면 > 비빔라면,0,4,2026-01-25 14:43:07.747778+00
2718,5813838333,"러쉬 수퍼 밀크 컨디셔닝 헤어 프라이머, 100g, 1개",10012029190,1290,노빈라이트 유한회사,34000,0,34000,0,4.5,쿠팡수입 > 생활용품 > 헤어 > 스타일링/케어/세트 > 헤어에센스/오일,0,1,2026-01-25 14:43:07.747778+00
2719,5838027336,"본마망 미니 잼 30g 블루베리, 750g, 1개",24730404434,1995,부자무역(Buzza trading),13000,0,13000,0,5,싱글라이프 > 간식/베이커리 > 잼/시럽/꿀 > 잼/스프레드 > 과일잼,0,1,2026-01-25 14:43:07.747778+00
2720,59340463,착한습관 보이차 추출 분말,204797235,2348,투제이10043,44800,0,44800,0,4.5,쿠팡수입 > 식품 > 커피/원두/차 > 허브/콤부/꽃차 > 보이차/마테차,0,5,2026-01-25 14:43:07.747778+00
2721,6004708194,삼성전자 갤럭시탭 A7 Lite 8.7,27558254657,7826,브이오라,16900,0,16900,0,4.5,쿠팡수입 > 가전디지털 > 태블릿PC > 태블릿PC,0,5,2026-01-25 14:43:07.747778+00
2722,6057670086,"솔가 비오틴 5000, 100정, 1개",11125904340,8926,씨에이치커머스,192000,0,192000,0,5,식품 > 식품 선물세트 > 건강 > 비타민/건강식품,0,4,2026-01-25 14:43:07.747778+00
2723,6063894601,"덴프스 덴마크 유산균이야기 50캡슐 1개, 50정",25347725317,50718,제이제이유,118000,0,118000,0,5,쿠팡수입 > 식품 > 곤약/방탄커피 외 > 건강식품 > MCT오일/영양제,0,4,2026-01-25 14:43:07.747778+00
2724,6091708833,"샘표식품 샘표 식품 양조간장 501 860ml x12업소용 식자재 식당용 단체 급식용 식재료 대용량, 12개",26209876758,37195,조이헬스,14500,0,14500,0,5,식품 > 장/소스/드레싱/식초 > 장류 > 간장 > 양조간장,0,1,2026-01-25 14:43:07.747778+00
2725,6113690005,"트위저맨 미니 슬랜트 트위저 족집게 정품, 라벤더, 1개",21933738577,1374,백무,15900,0,15900,0,4.5,R.LUX > 뷰티 > 뷰티소품 > 아이소품,0,1,2026-01-25 14:43:07.747778+00
2726,6126022361,듀플렉스 무드등 대용량 가습기 3.5L,11647078999,13316,주식회사 일상연구소,53710,0,53710,0,4.5,쿠팡수입 > 헬스/건강식품 > 건강/의료용품 > 호흡/수면건강 > 가습기/에어워셔,0,5,2026-01-25 14:43:07.747778+00
2727,6126155781,레이저 DeathAdder Essential 유선마우스,11648349575,4462,걷는아이,57500,0,57500,0,5,쿠팡수입 > 가전디지털 > 키보드/마우스 > 마우스 > 유선마우스,0,4,2026-01-25 14:43:07.747778+00
2728,6135671310,Apple 정품 Lightning-C타입 충전 케이블,26739810964,18940,와이에스마켓,12700,0,12700,0,5,가전디지털 > PC주변기기 > 액세서리 > 노트북 액세서리 > 기타,0,1,2026-01-25 14:43:07.747778+00
2729,6170979832,벨킨 맥세이프 부스트업 마그네틱 무선 충전기 스탠드 7.5W + 고속 충전 어댑터 세트 WIB003kr,12045510145,156,디지털스토어,29000,49900,29000,41,5,가전디지털 > 휴대폰 액세서리 > 케이블/충전기 > 충전기,0,4,2026-01-25 14:43:07.747778+00
2730,6239431378,레고 시티 60316 경찰서,12585782260,564,신선한소식,43800,0,43800,0,5,완구/취미 > 블록놀이 > 레고 > 레고,0,1,2026-01-25 14:43:07.747778+00
2731,6268053607,"센텔리안24 더 마데카 크림, 50ml, 1개",11942548219,5096,(주)여인닷컴,10600,35000,10830,71,5,쿠팡수입 > 뷰티 > 스킨케어 > 크림/올인원 > 페이셜크림,0,2,2026-01-25 14:43:07.747778+00
2732,6271052960,"해피바스 스마일 바디워시900g 3종세트 유자/체리/자몽, 900g, 1개",14303430314,771,도담컴퍼니,25800,0,25800,0,5,뷰티 > 바디 > 샤워/입욕용품 > 바디워시,0,3,2026-01-25 14:43:07.747778+00
2733,6305844484,나이키 에브리데이 쿠션 장목양말 1팩 3세트 SX7664-100,13062711850,12549,스포츠벅스,11300,0,11300,0,5,패션의류/잡화 > 여성패션 > 가방/잡화 > 양말/스타킹 > 양말,0,1,2026-01-25 14:43:07.747778+00
2734,6332975284,피스티 시칠리안 피스타치오 스프레드 크림 잼 600g 4개,16809871649,274,LOWA INC,28000,0,28000,0,4,싱글라이프 > 간식/베이커리 > 잼/시럽/꿀 > 잼/스프레드 > 기타잼,0,1,2026-01-25 14:43:07.747778+00
2735,6408714556,"에너자이저)MAX건전지(AA)10 3개입, 3개",23994148637,16188,주식회사 오피스네오,26000,0,26000,0,5,홈인테리어 > 셀프인테리어 > 건전지/멀티탭 > AA건전지,0,4,2026-01-25 14:43:07.747778+00
2736,6431488671,갤럭시A90 케이스 모던라인 디자인 하드,13882383242,9,굿프렌즈,18900,0,18900,0,3.5,쿠팡수입 > 가전디지털 > 휴대폰 액세서리 > 휴대폰 케이스 > BAR형,0,4,2026-01-25 14:43:07.747778+00
2737,6444223952,"센트룸 정품 멀티 구미 비타민, 80정, 1개",25192825585,43578,제이티알네트웍스,15310,0,15310,0,5,식품 > 식품 선물세트 > 건강 > 비타민/건강식품,0,3,2026-01-25 14:43:07.747778+00
2738,6484457615,피엑스지 PROLIGHT CLIP 어드저스터블 골프모자 920,14209018771,108,올바른유통,6900,0,6900,0,4.5,패션의류/잡화 > 여성패션 > 가방/잡화 > 모자,0,5,2026-01-25 14:43:07.747778+00
2739,6492007298,"피지오겔 데일리 모이스쳐 테라피 페이셜 크림, 150ml, 3개",21485994183,67004,라에르디,28000,0,28000,0,4.5,쿠팡수입 > 뷰티 > 스킨케어 > 크림/올인원 > 페이셜크림,0,1,2026-01-25 14:43:07.747778+00
2740,6532273126,"양키캔들 벤트스틱 차량용 방향제, 2개, 미드썸머나잇",25170262190,1579,제이에스퍼니처,14900,0,14900,0,5,자동차용품 > 인테리어 > 방향제/공기청정 > 디퓨저,0,3,2026-01-25 14:43:07.747778+00
2741,6557157200,소니 노이즈캔슬링 블루투스 헤드폰,14662956952,9012,더블유게러지,5900,0,5900,0,5,가전디지털 > 음향기기 > 헤드폰 > 블루투스 헤드폰,0,1,2026-01-25 14:43:07.747778+00
2742,6572373138,QCY 블루투스 이어폰,14758141683,34835,단이쿠 유한회사,32670,0,32670,0,5,가전디지털 > 음향기기 > 이어폰 > 블루투스 이어폰,0,1,2026-01-25 14:43:07.747778+00
2743,6573832879,"비에스엔 신타-6 프로틴 파우더 드링크 믹스 단백질 보충제 초콜릿 밀크셰이크, 1개, 2.27kg",18711626712,33916,무심 스토어,39900,0,39900,0,5,스포츠/레저 > 헬스/요가/댄스 > 헬스보충식품 > 프로틴 > 복합 프로틴파우더,0,1,2026-01-25 14:43:07.747778+00
2744,6608493575,캐리어 클라윈드 2도어 슬림형 냉장고 방문설치,23113219834,802,이커머스몰,279000,0,279000,0,4.5,가전디지털 > 냉장고 > 2도어 냉장고,0,0,2026-01-25 14:43:07.747778+00
2745,6617304407,"꽃을든남자 수분이 꽉 차 더 촉촉한 리얼 알로에 수딩젤 1000ml, 1L, 2개",15016698962,428,톡톡마켓02,28060,0,28060,0,4.5,뷰티 > 선케어/태닝 > 선케어 > 알로에/수딩/에프터선,0,3,2026-01-25 14:43:07.747778+00
2746,6645012829,"메디큐브 2024 제로 모공 패드 2.0, 70매입, 1개",24673595614,10018,러블리본,19000,35000,19000,24,5,뷰티 > 클렌징/필링 > 클렌징 티슈/시트,0,1,2026-01-25 14:43:07.747778+00
2747,6682592691,"울트라 훼이셜 크림, 125ml, 1개",26851793243,526,주식회사 데르발론,42000,0,42000,0,4.5,쿠팡수입 > 뷰티 > 스킨케어 > 크림/올인원 > 페이셜크림,0,4,2026-01-25 14:43:07.747778+00
2748,6685577070,"토리든 다이브인 저분자 히알루론산 세럼, 100ml, 1개",17096453878,7239,예주마켓3,29900,0,29900,0,5,R.LUX > 뷰티 > 스킨케어 > 스킨케어 > 에센스/세럼/앰플,0,1,2026-01-25 14:43:07.747778+00
2749,6690074465,삼성전자 USB Flash Drive Type-C MUF-128DA/APC,15456933679,2273,라이커,27900,0,27900,0,5,쿠팡수입 > 가전디지털 > 저장장치 > USB메모리,0,1,2026-01-25 14:43:07.747778+00
2750,6711147872,"토리든 다이브인 저분자 히알루론산 수딩 크림, 100ml, 1개",27479762255,2010,마운트빅 지엔씨,23000,0,23000,0,5,쿠팡수입 > 뷰티 > 스킨케어 > 크림/올인원 > 페이셜크림,0,1,2026-01-25 14:43:07.747778+00
2751,6718624494,"센카 퍼펙트 폼클렌징 일본 전용 클렌징 세안제, 1g, 1개",27257403090,45530,지예산업,14800,0,14800,0,4.5,쿠팡수입 > 뷰티 > 클렌징/필링 > 클렌징 폼,0,3,2026-01-25 14:43:07.747778+00
2752,6718856072,"가히 링클 바운스 멀티밤, 9g, 1개",9778720412,38929,엔케이케이(nkk)그룹,41900,0,41900,0,4.5,R.LUX > 뷰티 > 스킨케어 > 스킨케어 > 크림 > 멀티밤/스틱,0,4,2026-01-25 14:43:07.747778+00
2753,6719502817,국내매장판/AS가능 뉴발란스 530 스틸그레이 MR530KA,22937973476,1368,하리무역,83200,0,83200,0,4,스포츠/레저 > 스포츠신발 > 런닝화/운동화 > 운동화,0,0,2026-01-25 14:43:07.747778+00
2754,6735057649,쿠쿠 스테인리스 아이편한 초음파 가습기 S,23804346650,1822,웨이즈,119000,0,119000,0,4,쿠팡수입 > 헬스/건강식품 > 건강/의료용품 > 호흡/수면건강 > 가습기/에어워셔,0,3,2026-01-25 14:43:07.747778+00
2755,6743604050,"고려은단 멀티비타민, 60정, 1개",18115015920,57948,고려은단 헬스케어(주),23900,0,25350,0,5,식품 > 식품 선물세트 > 건강 > 비타민/건강식품,0,2,2026-01-25 14:43:07.747778+00
2756,6745444282,레이저 DeathAdder V3 Pro 무선 마우스,19892632688,1110,플랜가전,24900,0,24900,0,5,가전디지털 > 키보드/마우스 > 마우스 > 무선마우스,0,4,2026-01-25 14:43:07.747778+00
2757,6745688991,"스타벅스 네스프레소 싱글 로스트 콜롬비아, 10개입, 1개",15077988375,802,유로앳홈,45000,0,45000,0,5,홈카페 > 원두/커피 > 캡슐커피,0,1,2026-01-25 14:43:07.747778+00
2758,6787585858,베베숲 시그니처 위드 블루 아기물티슈 캡형,16756804175,12799,디와이트레이딩글로벌(DYTRADINGGLOBAL),20900,0,20900,0,5,출산/유아동 > 출산준비물/선물 > 위생/건강용품 > 물티슈/건티슈,0,4,2026-01-25 14:43:07.747778+00
2759,6812168728,"아르끄몰 독일 니베아크림 보습크림 150ml, 1개",18397017236,10063,마켓플러스,33550,0,33550,0,4.5,뷰티 > 바디 > 바디로션/크림 > 바디크림,0,4,2026-01-25 14:43:07.747778+00
2760,6838197446,"닥터지 로얄 블랙 스네일 크림, 50ml, 1개",16252927736,2505,김씨네장바구니,41180,0,41180,0,5,쿠팡수입 > 뷰티 > 스킨케어 > 크림/올인원 > 페이셜크림,0,1,2026-01-25 14:43:07.747778+00
2761,6854281548,"스포츠리서치 1040mg 오메가-3 피쉬 오일 트리플 스트렝스 소프트젤, 180정, 1개",24019532759,70439,잎새얀새,36060,0,36060,0,5,쿠팡수입 > 식품 > 곤약/방탄커피 외 > 건강식품 > MCT오일/영양제,0,1,2026-01-25 14:43:07.747778+00
2762,6862474984,"메디큐브 콜라겐 리프팅 마스크 10매, 1개입, 10개",16390489437,50,소윤스텔라,23800,0,23800,0,4.5,R.LUX > 뷰티 > 스킨케어 > 스킨케어 > 마스크/팩 > 시트마스크,0,4,2026-01-25 14:43:07.747778+00
2763,6873482331,"힙 프레 콤비오틱 분유 무전분, 600g, 1개",25132106491,2695,지한바이오테크,21900,0,21900,0,5,식품 > 분유/어린이식품 > 분유 > 일반분유,0,1,2026-01-25 14:43:07.747778+00
2764,6885148298,"스카트 빨아쓰는 천연펄프 행주타월, 45매, 12개",25994931496,22419,라온스토어,13500,0,13500,0,5,주방용품 > 일회용품/종이컵 > 키친타올 > 빨아쓰는행주타올,0,4,2026-01-25 14:43:07.747778+00
2765,6911104965,"미샤 타임 레볼루션 나이트 리페어 앰플 크림 5X, 50ml, 3개",19168439587,2742,베스트 명품,24310,0,24310,0,5,쿠팡수입 > 뷰티 > 스킨케어 > 크림/올인원 > 페이셜크림,0,6,2026-01-25 14:43:07.747778+00
2766,6928204433,적재적소 더착한 3겹 화장지,19790198386,125,사만컴퍼니,14900,0,14900,0,4.5,싱글라이프 > 세제/화장지 > 화장지 > 고급롤화장지(3겹이상),0,6,2026-01-25 14:43:07.747778+00
2767,6936011517,유닉스 세라믹 C컬 웨이브 볼륨 스타일러 판 고데기,16802830592,1624,라이트달고,8900,0,8900,0,4.5,가전디지털 > 뷰티/헤어가전 > 고데기/매직기 > 멀티고데기,0,6,2026-01-25 14:43:07.747778+00
2768,6942328302,록키마운틴 마시멜로우 150g 1개,26248801211,2373,모고이레,17000,0,17000,0,4.5,쿠팡수입 > 식품 > 과자/초콜릿/시리얼 > 젤리/캐러멜 > 마시멜로,0,3,2026-01-25 14:43:07.747778+00
2769,6957293598,나이키 에어포스 1 07 로우 CW2288-111 트리플화이트 나이키운동화 커플운동화,18989469117,2143,다담마,17000,0,17000,0,4.5,패션의류/잡화 > 여성패션 > 신발 > 운동화/스니커즈 > 스니커즈,0,3,2026-01-25 14:43:07.747778+00
2770,6976505075,"테팔 티타늄 1X 액티쿡 프라이팬, 28cm, 1개",17029162999,11732,선스마켓,51500,0,51500,0,4.5,주방용품 > 냄비/프라이팬 > 프라이팬 > 일반프라이팬,0,3,2026-01-25 14:43:07.747778+00
2771,6991195024,할리스커피 바닐라 딜라이트 분말스틱,27373405741,12728,보앤나,30900,0,30900,0,5,식품 > 커피/원두/차 > 커피믹스 > 일반커피믹스,0,4,2026-01-25 14:43:07.747778+00
2772,7025559857,"쿤달 올데이 스멜커버 청소년샴푸 라임바질앤만다린 400ml, 1개",16909527857,3174,다이몰005,14500,0,14500,0,5,쿠팡수입 > 생활용품 > 헤어 > 샴푸/린스 > 샴푸,0,3,2026-01-25 14:43:07.747778+00
2773,7066609232,맥심 화이트골드 커피믹스,6828260712,299852,원더풀타임,26680,0,26680,0,5,식품 > 커피/원두/차 > 커피믹스 > 일반커피믹스,0,6,2026-01-25 14:43:07.747778+00
2774,7077301682,TWG 카모마일 차 허브티 디카페인,25313704243,452,부엉이가게,13800,0,13800,0,5,홈카페 > 차/티백 > 허브차/꽃차 > 카모마일,0,3,2026-01-25 14:43:07.747778+00
2775,7078170070,쿠쿠 트윈프레셔 마스터셰프 IH 전기압력밥솥 6인용,17599631277,4386,정앤정,27870,0,27870,0,5,결혼준비 > 가전 > 밥솥/주방가전 > 전기밥솥,0,5,2026-01-25 14:43:07.747778+00
2776,7085745326,뉴발란스 530 남여공용 운동화 MR530AD,23907661655,3522,무드캐쳐,84890,0,84890,0,4.5,쿠팡수입 > 스포츠/레저 > 스포츠신발 > 런닝화/운동화 > 런닝화,0,0,2026-01-25 14:43:07.747778+00
2777,7105319153,"듀라셀 알카라인 건전지 AA 20p + AAA 20p, 40개입, 4세트",23979606195,28159,금인홈,26000,0,26000,0,5,홈인테리어 > 셀프인테리어 > 건전지/멀티탭 > AA건전지,0,4,2026-01-25 14:43:07.747778+00
2778,7140861339,"스리라차 핫 칠리 시즈닝, 255g, 3개",1033336455,91010,셀리즈,10900,0,10900,0,5,식품 > 장/소스/드레싱/식초 > 소스 > 칠리/살사/핫소스 > 칠리소스,0,1,2026-01-25 14:43:07.747778+00
2779,7154098029,소니 편한 데일리 블루투스 헤드폰,17991939836,4136,제이에이치(JH)마켓,5900,0,5900,0,5,가전디지털 > 음향기기 > 헤드폰 > 블루투스 헤드폰,0,5,2026-01-25 14:43:07.747778+00
2780,7156986260,"나우푸드 실리마린 밀크 시슬 추출물 300mg 베지 캡슐, 200정, 1개",13254294391,81849,잘넘어가는알약,169900,0,169900,0,5,식품 > 사과식초/땅콩버터 외 > 건강식품 > MCT오일/영양제 > 밀크시슬,0,11,2026-01-25 14:43:07.747778+00
2781,7158543702,"젤리캣 바쉬풀 버니 L 애착인형, 크림, 1개",18011304179,1688,하오란 유한회사,31200,0,31200,0,4.5,쿠팡수입 > 출산/유아동 > 출산준비물/선물 > 완구/도서 > 애착인형,0,1,2026-01-25 14:43:07.747778+00
2782,7161244281,"알쏭달쏭 캐치티니핑 캐치캐치비타씨, 500정, 1개",18022915778,458,푸드앤홈,11340,0,11340,0,5,식품 > 사과식초/땅콩버터 외 > 건강식품 > 비타민/미네랄 > 비타민C,0,1,2026-01-25 14:43:07.747778+00
2783,7164345502,"moisturizing high volume 로션, 591ml, 2개",27626659273,188971,PC닥터,19500,0,19500,0,5,뷰티 > 바디 > 바디로션/크림 > 바디로션,0,4,2026-01-25 14:43:07.747778+00
2784,7204040158,"메디필 그린 시카 콜라겐 클리어 젤클렌저 2.0, 300ml, 1개",18329727468,5146,비바시티,15500,0,15500,0,5,쿠팡수입 > 뷰티 > 클렌징/필링 > 클렌징 폼,0,2,2026-01-25 14:43:07.747778+00
2785,7207782395,"퍼스널벌크포뮬러 게이너 벌크업 살찌는 체중증가 단백질 프로틴 보충제 근육 헬스, 3.2kg, 1개",20471841885,2280,오만컴퍼니,64510,0,64510,0,4.5,스포츠/레저 > 헬스/요가/댄스 > 헬스보충식품 > 프로틴 > 복합 프로틴파우더,0,3,2026-01-25 14:43:07.747778+00
2786,7212232455,"푸드코리아 미담채 전복을 넣은 굴소스 2.2kg, 1개",12142901787,654,퍼스트엠퍼러,4480,0,4480,0,4.5,식품 > 장/소스/드레싱/식초 > 소스 > 돈가스소스,0,3,2026-01-25 14:43:07.747778+00
2787,7260444804,"아누아 쿼세티놀 모공 딥 클렌징 폼, 150ml, 1개",20715898331,1200,하나피온 유한회사,37800,0,37800,0,4.5,쿠팡수입 > 뷰티 > 클렌징/필링 > 클렌징 폼,0,1,2026-01-25 14:43:07.747778+00
2788,7266009200,"니베아 프로텍트 앤 라이트 필 퍼펙트 선 세럼, 90ml, 2개",19356970478,5692,디딩라이프,14900,0,14900,0,5,뷰티 > 선케어/태닝 > 선케어 > 선케어/선크림/선로션,0,4,2026-01-25 14:43:07.747778+00
2789,7276616370,"솔가 남성용 멀티비타민&미네랄 60정, 1개",26269393638,2166,BonBon,25000,0,25000,0,5,식품 > 식품 선물세트 > 건강 > 비타민/건강식품,0,4,2026-01-25 14:43:07.747778+00
2790,7337760127,"펨펨 블랙 피에이치 5.5 마사지 젤, 360g, 2개",18852527256,417,포켓,25000,0,25000,0,4.5,생활용품 > 성인용품(19) > 마사지젤/오일,0,1,2026-01-25 14:43:07.747778+00
2791,7346382208,"고려은단 퓨어 밀크씨슬 42g, 120정, 1개",15003949840,9375,윤슬,35000,0,35000,0,5,식품 > 사과식초/땅콩버터 외 > 건강식품 > MCT오일/영양제 > 밀크시슬,0,1,2026-01-25 14:43:07.747778+00
2792,7370852457,"벡셀 알카라인 AA 건전지, 4개입, 3개",15240447162,59362,에스엔샵,26000,0,26000,0,5,홈인테리어 > 셀프인테리어 > 건전지/멀티탭 > AA건전지,0,4,2026-01-25 14:43:07.747778+00
2793,7398423114,"안국건강 코엔자임Q10 미니, 60정, 1개",19143799160,5451,제이에스피 스토어,20000,0,20000,0,5,식품 > 사과식초/땅콩버터 외 > 건강식품 > MCT오일/영양제 > 코엔자임Q10,0,3,2026-01-25 14:43:07.747778+00
2794,7415892250,레이저 Cobra 유선 마우스,19225515380,359,제이제이 인터내셔널,169000,0,169000,0,5,쿠팡수입 > 가전디지털 > 키보드/마우스 > 마우스 > 유선마우스,0,4,2026-01-25 14:43:07.747778+00
2795,7420305121,"심층 순행 클렌징폼, 200ml, 2개",27616280225,8237,루춘컴퍼니 유한회사,16240,0,16240,0,5,쿠팡수입 > 뷰티 > 클렌징/필링 > 클렌징 폼,0,1,2026-01-25 14:43:07.747778+00
2796,7422474353,"조선미녀 맑은쌀 선크림 SPF50+ PA++++, 50ml, 1개",26459659900,478,하나피온 유한회사,17000,0,17000,0,4.5,뷰티 > 선케어/태닝 > 선케어 > 선케어/선크림/선로션,0,0,2026-01-25 14:43:07.747778+00
2797,7434985444,"불스원샷 시그니처 불소원샷 시그니쳐 휘발유 가솔린 디젤 경유 1개, 가솔린/휘발유, 2개",20187760527,1145,조나니,30000,0,30000,0,5,자동차용품 > 겨울철 차량관리 > 부동액/배터리용품 > 엔진첨가제,0,3,2026-01-25 14:43:07.747778+00
2798,7440119300,다이슨 V8 스틱청소기,19344922727,129,주식회사 비엔에스솔루션,329000,0,329000,0,4.5,가전디지털 > 청소기 > 스틱청소기,0,1,2026-01-25 14:43:07.747778+00
2799,7449544893,"대천김 곱창김 캔, 30g, 4개",21426181182,11460,오더퀄리티,17900,0,17900,0,5,식품 > 반찬/간편식/대용식 > 김치/반찬/김 > 김 > 도시락김,0,1,2026-01-25 14:43:07.747778+00
2800,7456348773,다이슨 슈퍼소닉 헤어 드라이어 1600W,19424146283,193,디포터,55000,0,55000,0,4.5,결혼준비 > 가전 > 이미용가전 > 드라이어,0,1,2026-01-25 14:43:07.747778+00
2801,7460287402,"얼라이브 원스데일리 포 맨 멀티비타민, 60정, 1개",8502454428,58353,윤스마트,15130,0,15130,0,5,식품 > 식품 선물세트 > 건강 > 비타민/건강식품,0,3,2026-01-25 14:43:07.747778+00
2802,7460681274,"불닭볶음면 140g, 1개",19476239640,121135,주마트,12900,0,12900,0,5,싱글라이프 > 즉석식품/라면 > 라면/파스타/면 > 라면/컵면 > 봉지라면,0,3,2026-01-25 14:43:07.747778+00
2803,7475478767,"갸스비 셋앤킵 슈퍼하드 헤어스프레이, 263ml, 1개",115378324,20809,세레노라비아,25500,0,25500,0,5,쿠팡수입 > 생활용품 > 헤어 > 스타일링/케어/세트 > 헤어스타일링,0,1,2026-01-25 14:43:07.747778+00
2804,7476127405,테온셀 바이향 블랙에디션 차량용 디퓨저 힐링숲속향 120ml 2개,24279818503,2599,스마트딜 공식몰,20000,0,20000,0,4.5,자동차용품 > 인테리어 > 방향제/공기청정 > 디퓨저,0,1,2026-01-25 14:43:07.747778+00
2805,7500858862,앱코 블루투스 유무선겸용 일반형 키보드,19634675479,149,트러스트마켓,57500,0,57500,0,5,쿠팡수입 > 가전디지털 > 키보드/마우스 > 키보드 > 유선키보드,0,5,2026-01-25 14:43:07.747778+00
2806,7510507065,듀이트리 울트라 바이탈라이징 스네일 스페셜 기프트 3종 세트 크림 에센스 에멀전,18418991687,399,셀러스타,28050,0,28050,0,5,뷰티 > 스킨케어 > 기초세트,0,1,2026-01-25 14:43:07.747778+00
2807,7522703123,Jarrow Formulas 자로우 펨 도피러스 어드밴스드 유산균 100억 CFU 30캡슐 (상온보관용),17496413220,1613,부지런한 빵이,12500,0,12500,0,5,쿠팡수입 > 식품 > 곤약/방탄커피 외 > 건강식품 > MCT오일/영양제,0,1,2026-01-25 14:43:07.747778+00
2808,7550700691,일양약품 센스오리진 프레쉬민트 구강 유래 특허 유산균,19353661623,6592,숙스토어,26260,0,26260,0,4.5,쿠팡수입 > 식품 > 곤약/방탄커피 외 > 건강식품 > MCT오일/영양제,0,1,2026-01-25 14:43:07.747778+00
2809,7564065386,[뉴발란스] () 327 남여공용 운동화 WS327KB,19934316036,197,주식회사 쉬치몰,91020,0,91020,0,4.5,스포츠/레저 > 스포츠신발 > 런닝화/운동화 > 운동화,0,0,2026-01-25 14:43:07.747778+00
2810,7568064592,"안국건강 아이원 루테인지아잔틴 미니, 60정, 1개",20889537975,43342,미나텍스,24000,0,24000,0,5,식품 > 사과식초/땅콩버터 외 > 건강식품 > MCT오일/영양제 > 루테인,0,3,2026-01-25 14:43:07.747778+00
2811,7576452609,설화수 NEW자음2종EX 세트(25년신형)백화점동일상품,19991319650,889,오마주룸,14900,0,14900,0,4.5,뷰티 > 스킨케어 > 기초세트,0,1,2026-01-25 14:43:07.747778+00
2812,7610098403,"피죤 시그니처 실내건조 고농축 섬유유연제 미스틱레인 본품, 5.7L, 1개",19059614270,37734,또또마켓,25000,0,25000,0,4.5,생활용품 > 세탁세제 > 섬유유연제 > 액체섬유유연제,0,4,2026-01-25 14:43:07.747778+00
2813,7626263931,"[Jarrow Formulas] 자로우 포뮬러스 도피러스 EPS 유산균 100억 CFU, 120정, 1개",18376283146,28691,스페이스워크,118000,0,118000,0,5,헬스/건강식품 > 건강식품 > 기타건강식품 > 기타건강식품,0,4,2026-01-25 14:43:07.747778+00
2814,7657889348,DJI 오즈모 포켓 3 액션캠,20393507123,548,트러스트마켓,80000,0,80000,0,5,가전디지털 > 카메라 > 액션캠/캠코더 > 액션캠,0,6,2026-01-25 14:43:07.747778+00
2815,7657895073,DJI 오즈모 포켓 3 크리에이터 콤보 액션캠,20393535299,1203,주식회사 형도시스템,80000,0,80000,0,5,가전디지털 > 카메라 > 액션캠/캠코더 > 액션캠,0,4,2026-01-25 14:43:07.747778+00
2816,7658484766,"VT 마일드 리들샷 50, 50ml, 9개",20833664886,1139,라이트달고,312390,1362690,312390,25,5,R.LUX > 뷰티 > 스킨케어 > 스킨케어 > 에센스/세럼/앰플,0,1,2026-01-25 14:43:07.747778+00
2817,7660700497,아이리버 작은손 무선 버티컬 마우스 EQwear-Lady Vertical Grip EV15,26137464189,3289,주식회사 놉스,24130,33700,24130,28,4.5,가전디지털 > 키보드/마우스 > 마우스 > 무선마우스,0,2,2026-01-25 14:43:07.747778+00
2818,7662526787,싱가포르 바샤 바차 바챠 바사 커피 드립 백 티백 12개 x2박스 총 24개입,23620580734,153,슈퍼마아켓,50000,0,50000,0,5,홈카페 > 원두/커피 > 티백/드립백커피,0,3,2026-01-25 14:43:07.747778+00
2819,7692122826,"[김가연의 똑소리나는 김치] 포기김치, 10kg, 1개",20572596740,14987,주식회사 코리아에프앤비,65000,0,65000,0,4.5,싱글라이프 > 반찬/간편조리식품 > 김치 > 혼합김치,0,4,2026-01-25 14:43:07.747778+00
2820,7702287490,"코스알엑스 더 6 펩타이드 스킨 부스터 세럼, 150ml, 1개",23641990806,733,에프엠(FM)인터내셔널,29900,0,29900,0,4.5,R.LUX > 뷰티 > 스킨케어 > 스킨케어 > 에센스/세럼/앰플,0,1,2026-01-25 14:43:07.747778+00
2821,7706232248,최신형 차이슨 무선 스틱 청소기 BLDC 흡입력 좋은 진공청소기 + 다양한 구성품 + 평생AS,20645329542,22567,티몬머니,249000,0,249000,0,5,가전디지털 > 청소기 > 스틱청소기,0,1,2026-01-25 14:43:07.747778+00
2822,7711638752,"토코보 비타 글레이즈드 립 마스크 20ml, 1개입, 1개",20673288380,1329,다모아마켓,7880,0,7880,0,5,뷰티 > 스킨케어 > 마스크/팩 > 패치/코팩 > 기타패치,0,1,2026-01-25 14:43:07.747778+00
2823,7733091736,"LAMY 사파리 샤프 챠콜 + 하드케이스 + 리플렛, 0.5mm, 1개",20784869087,1285,기가철물,15060,0,15060,0,5,문구/오피스 > 학용품/수업준비 > 학년별 준비물 > 초등 고학년 > 샤프,0,1,2026-01-25 14:43:07.747778+00
2824,7735337888,"종근당건강 원데이21 멀티비타민 앤 미네랄, 60정, 2개",21135423313,55664,하이후팡 주식회사,16750,0,16750,0,5,식품 > 식품 선물세트 > 건강 > 비타민/건강식품,0,5,2026-01-25 14:43:07.747778+00
2825,7751139469,잘풀리는집 3겹 클래식 화장지,23153283101,128339,지나백,28900,0,28900,0,5,싱글라이프 > 세제/화장지 > 화장지 > 고급롤화장지(3겹이상),0,4,2026-01-25 14:43:07.747778+00
2826,7789874399,하루종일 착용해도 편안한 오픈형 블루투스 이어폰 피스넷 사운드핏 / 강력한 통화품질 / 골전도 대체,23343019443,1107,삼지아이티(주),39100,0,39100,0,4.5,가전디지털 > 음향기기 > 이어폰 > 블루투스 이어폰,0,0,2026-01-25 14:43:07.747778+00
2827,7791839773,레고 닌자고 카이의 엘리멘탈 파이어 로봇 71808,21082636233,576,BOT,35000,0,35000,0,5,완구/취미 > 블록놀이 > 레고 > 레고,0,1,2026-01-25 14:43:07.747778+00
2828,7831019908,"더마틱스 울트라 겔, 1개, 7g",14007761420,8411,레이나트레이드 유한회사,6400,0,6400,0,4.5,생활용품 > 건강/의료용품 > 의약외품/상비용품 > 상처소독/연고,0,4,2026-01-25 14:43:07.747778+00
2829,7844025169,"닥터엘시아 345 릴리프 크림, 50ml, 1개",24969849374,1165,부산스토어,29900,0,29900,0,4.5,쿠팡수입 > 뷰티 > 스킨케어 > 크림/올인원 > 페이셜크림,0,1,2026-01-25 14:43:07.747778+00
2830,7847571181,"앵커버터 무염 454G, 1개",18062239830,21262,엔씨앤비주식회사,25900,0,25900,0,5,식품 > 사과식초/땅콩버터 외 > 유제품/치즈/버터 > 버터/마가린 > 버터,0,3,2026-01-25 14:43:07.747778+00
2831,7870385859,"바니랜드 산리오 피규어 키링, 마이멜로디, 1개",21498366428,517,패스트몰,12900,0,12900,0,5,생활용품 > 생활잡화 > 기타생활용품 > 열쇠고리,0,1,2026-01-25 14:43:07.747778+00
2832,7883979533,"퍼실 딥클린 라벤더젤 드럼/일반 겸용 라벤더코튼향 액상세제 본품, 2.7L, 4개",20199746296,8888,문스토어,25000,0,25000,0,5,생활용품 > 세탁세제 > 액체세제,0,4,2026-01-25 14:43:07.747778+00
2833,7888552037,"완화 팩 수분 보습 리얼 딥 마스크 34g, 8개입, 1개",27457048513,1870,루춘컴퍼니 유한회사,29870,0,29870,13,4.5,R.LUX > 뷰티 > 스킨케어 > 스킨케어 > 마스크/팩 > 시트마스크,0,4,2026-01-25 14:43:07.747778+00
2834,7920526561,"쓰리엠 프로그립 3000 장갑, 그레이(M), 2개",27475237279,15363,세티나플렉스,40000,0,40000,0,5,생활용품 > 안전/호신용품 > 목장갑/안전장갑 > 절연장갑/안전장갑,0,3,2026-01-25 14:43:07.747778+00
2835,7958974,"농심 신라면 120g 40봉 매운 봉지라면 간식, 40개",18104394059,757266,(주)우리홈쇼핑(롯데아이몰),33800,34800,33800,10,5,싱글라이프 > 즉석식품/라면 > 라면/파스타/면 > 라면/컵면 > 봉지라면,0,2,2026-01-25 14:43:07.747778+00
2836,7961588696,"네이처하이크 NH LD150 초경량 코튼 침낭, 화이트, 1개",22012569924,110,도시플랜,25000,0,25000,0,5,스포츠/레저 > 캠핑전문관 > 침낭/매트/해먹 > 침낭/침낭소품 > 침낭,0,1,2026-01-25 14:43:07.747778+00
2837,7978337946,"디폰데 시그니처 멜라엔드 선블럭50ml, 1개, 50ml",26408648014,125,둥글컴퍼니,39570,0,39570,0,4.5,뷰티 > 선케어/태닝 > 선케어 > 선케어/선크림/선로션,0,1,2026-01-25 14:43:07.747778+00
2838,8005721342,"질레트 정품 프로쉴드 옐로우 매뉴얼 면도기 핸들 + 면도날 2p 세트, 2세트",22314928501,4993,빠스트1,26900,0,26900,0,5,생활용품 > 구강/면도 > 면도기/날 > 날면도기,0,1,2026-01-25 14:43:07.747778+00
2839,8075108566,크록스 비아 클로그 샌들,22745540144,2427,Coupang,34900,0,34900,0,4.5,패션의류/잡화 > 여성패션 > 신발 > 샌들,0,5,2026-01-25 14:43:07.747778+00
2840,8082395779,"바니랜드 헬로키티 피규어 키링, 1개",22797200139,147,이공사보,7500,0,7500,0,5,완구/취미 > 피규어/다이캐스트 > 애니메이션피규어,0,5,2026-01-25 14:43:07.747778+00
2841,8082654809,KONLI 노이즈 캔슬링 커널형 무선 블루투스 이어폰 방수,22798183173,6201,왕샤오화이커머스 유한회사,19900,0,19900,0,4.5,가전디지털 > 음향기기 > 이어폰 > 블루투스 이어폰,0,1,2026-01-25 14:43:07.747778+00
2842,8084159475,"아누아 파데프리 매트 벗 글로우 커버베이지, 2개, 50ml",21797514313,227,제이마켓,35910,0,35910,0,4,쿠팡수입 > 뷰티 > 스킨케어 > 크림/올인원 > 페이셜크림,0,1,2026-01-25 14:43:07.747778+00
2843,8087898017,쿠쿠 전기압력밥솥 10인용,24278843241,21560,이프로샵,18950,0,18950,0,4.5,결혼준비 > 가전 > 밥솥/주방가전 > 전기밥솥,0,6,2026-01-25 14:43:07.747778+00
2844,8105842107,"픽픽 닥터 브로너 퓨어카스틸 비누 라벤더 2온스3개팩 250620, 3개",21944679632,2117,시크픽23,39800,0,39800,0,5,뷰티 > 스킨케어 > 기초세트,0,1,2026-01-25 14:43:07.747778+00
2845,8123004945,"불스원 7만키로 연료첨가제 휘발유 500ml, 1개, 가솔린/휘발유",25266684243,37888,클레리브,30000,0,30000,0,5,자동차용품 > 겨울철 차량관리 > 부동액/배터리용품 > 연료첨가제,0,3,2026-01-25 14:43:07.747778+00
2846,8136129971,"나우푸드 가르시니아 1000mg 타블렛, 120정, 1개",1199582,2956,비타플러스,23380,0,23380,0,4.5,헬스/건강식품 > 다이어트/이너뷰티 > 탄수화물차단제 > 가르시니아,0,5,2026-01-25 14:43:07.747778+00
2847,8145067451,로지텍 2세대 LIGHTSYNC 게이밍 유선마우스,19848126302,31568,부스터,15900,0,15900,0,5,쿠팡수입 > 가전디지털 > 키보드/마우스 > 마우스 > 유선마우스,0,4,2026-01-25 14:43:07.747778+00
2848,8156854004,"쉬프 무브프리 어드밴스드 조인트 헬스 글루코사민 + 콘드로이틴 + 프루트X-B 타블렛, 200정, 1개",27281105379,4427,Chloe and Co LLC,55980,0,55980,0,4.5,헬스/건강식품 > 건강식품 > 기타건강식품 > 기타건강식품,0,5,2026-01-25 14:43:07.747778+00
2849,8162048625,로랜텍 윈쿨 스몰 저소음 경량 미니 핸디 무선 휴대용 손선풍기,23272319383,1988,헤세드원,19900,0,19900,0,5,가전디지털 > 계절가전 > 선풍기 > USB/휴대용,0,1,2026-01-25 14:43:07.747778+00
2850,8163450918,"딥티크 도 손 오드뚜왈렛, 50ml, 1개",8136515702,332,비비드라인,27520,0,27520,0,4.5,R.LUX > 뷰티 > 향수 > 향수,0,1,2026-01-25 14:43:07.747778+00
2851,8174406965,마이크로닉스 Classic 2 풀체인지 3.1 700W 80PLUS 230V EU,23358034378,952,Coupang,85750,0,85750,33,5,가전디지털 > PC부품 > 케이스/파워 > 파워,0,2,2026-01-25 14:43:07.747778+00
2852,8181045304,이즈니 가염 버터 포션 부드러운 10g 5개,24356889973,539,채스토어,25900,0,25900,0,5,식품 > 사과식초/땅콩버터 외 > 유제품/치즈/버터 > 치즈 > 기타 구워먹는 치즈,0,3,2026-01-25 14:43:07.747778+00
2853,8192791429,베베숲 프리미어 물티슈 캡형,23452601776,25925,주식회사 휴블리스,6160,0,6160,0,5,출산/유아동 > 출산준비물/선물 > 위생/건강용품 > 물티슈/건티슈,0,5,2026-01-25 14:43:07.747778+00
2854,8204620034,샤오미 보조배터리 10000 8세대 22.5W 고속 대용량 초고속 충전 C타입 휴대용,23530355339,635,위캔코퍼레이,26810,0,26810,0,4.5,가전디지털 > 1인방송 전문관 > 저장장치/배터리 > 보조배터리,0,6,2026-01-25 14:43:07.747778+00
2855,8244032757,"스팸 클래식, 200g, 9개",15395230860,125391,원투상사,9200,0,9200,0,5,식품 > 반찬/간편식/대용식 > 고기/해물/간편조리 > 돼지고기 양념/가공 > 햄통조림,0,4,2026-01-25 14:43:07.747778+00
2856,8256805544,"핫식스 롯데칠성음료 에너지음료, 250ml, 2개",10386824175,61369,장바구니닷컴,7900,0,7900,0,5,식품 > 생수/음료 > 숙취/건강음료 > 에너지음료,0,3,2026-01-25 14:43:07.747778+00
2857,8261697688,버켄스탁 보스턴 스웨이드 레더 타우페 남여공용 슬리퍼 5종,26947964959,151,후쥔칭이커머스 유한회사,39900,0,39900,0,4.5,패션의류/잡화 > 여성패션 > 신발 > 슬리퍼/쪼리 > 슬리퍼,0,5,2026-01-25 14:43:07.747778+00
2858,8285435999,"로투스 비스코프, 312.5g, 3개",20914859292,14073,(주)비오비,22500,0,22500,0,5,쿠팡수입 > 식품 > 과자/초콜릿/시리얼 > 비스킷/크래커 > 비스킷,0,3,2026-01-25 14:43:07.747778+00
2859,8288998026,"뉴욕웨이 라이트 초코 곡물맛 2000g 단백질보충제 단백질쉐이크 프로틴, 2kg, 1개",22670324117,11431,"(주)제이케이트레이딩앤뉴트리션(JK TRADING & NUTRITION co.,Ltd.)",36800,99000,36800,62,4.5,헬스/건강식품 > 헬스보충식품 > 프로틴 > 소고기/대두/기타,0,1,2026-01-25 14:43:07.747778+00
2860,8289161732,활성산소 나 혈전 같은 심혈관 질환 에 도움이 될수도있는 지용성 비타민 건강기능식품 < 비타민E 영양제 > 미국직수입 완제품 항산화영양제 / 단품 부터 1+1 1+2 2+2 행사중,11848503359,0,원가상점,160000,260000,160000,36,0,쿠팡수입 > 식품 > 건강식품 > 비타민/미네랄 > 비타민E,0,4,2026-01-25 14:43:07.747778+00
2861,8293264853,동아제약 오쏘몰 이뮨 7일분 국내정품 멀티비타민,26739730432,17,씨에이치커머스,31120,0,31120,0,5,식품 > 식품 선물세트 > 건강 > 비타민/건강식품,0,2,2026-01-25 14:43:07.747778+00
2862,8295695198,"조선미녀 맑은쌀 선크림 아쿠아프레쉬 SPF50+ PA++++, 50ml, 1개",24151553744,2160,Coupang,17000,0,17000,0,4.5,뷰티 > 선케어/태닝 > 선케어 > 선케어/선크림/선로션,0,0,2026-01-25 14:43:07.747778+00
2863,8299623506,"에스티로더 어드밴스드 나이트 리페어 싱크로나이즈드 멀티 리커버리 콤플렉스, 115ml, 1개",12865592322,188,KHMALL,78000,0,78000,0,4.5,R.LUX > 뷰티 > 스킨케어 > 스킨케어 > 에센스/세럼/앰플,0,3,2026-01-25 14:43:07.747778+00
2864,8300107736,Apple USB-C 커넥터 EarPods,25246423475,7840,와이에스마켓,19900,0,19900,0,5,가전디지털 > 음향기기 > 이어폰 > 블루투스 이어폰,0,1,2026-01-25 14:43:07.747778+00
2865,8309055157,"제트스트림 라이트 터치 잉크 볼펜 SXN-LS 0.5mm, 세이지, 10개",23974532603,174,클레리브,17900,0,17900,0,5,문구/오피스 > 학용품/수업준비 > 학년별 준비물 > 초등 고학년 > 펜/펜리필,0,1,2026-01-25 14:43:07.747778+00
2866,8327853041,"닭표 스리라차 핫 칠리 소스, 400g, 1개",24754471933,106,이카운트다운,7250,0,7250,0,4,식품 > 장/소스/드레싱/식초 > 소스 > 칠리/살사/핫소스 > 칠리소스,0,1,2026-01-25 14:43:07.747778+00
2867,8335867860,만성피로영양제 밀크시슬실리마린 간에좋은영양제 밀크씨슬 추천 / 실리마린 강화/ 피로회복제 밀크씨슬 지방간 간영양제 간보호제 간기능개선제 간기능 영양제 / 피곤할때영양제 지방간영양제,24069846195,11,원가상점,60000,130000,60000,56,4,식품 > 사과식초/땅콩버터 외 > 건강식품 > MCT오일/영양제 > 밀크시슬,0,4,2026-01-25 14:43:07.747778+00
2868,8339609500,마이크로소프트 Windows 11 Home 처음사용자용 FPP USB,24083178146,2580,(주)다노트정보,16880,0,16880,0,5,가전디지털 > PC주변기기 > 소프트웨어 > 운영체제,0,3,2026-01-25 14:43:07.747778+00
2869,8359604527,베베숲 시그니처 블루 엠보싱 물티슈 리필형,24252182059,11518,부영 인터네셔널,20900,0,20900,0,5,출산/유아동 > 출산준비물/선물 > 위생/건강용품 > 물티슈/건티슈,0,6,2026-01-25 14:43:07.747778+00
2870,8390246464,"조미료 식품 CJ백설 골드 쇠고기다시다100g 산들애 분말조미료 다시다, 100g, 1개",26966025176,10541,가온유통,10000,0,10000,0,5,식품 > 가루/조미료/오일 > 설탕/소금/조미료 > 기타조미료,0,3,2026-01-25 14:43:07.747778+00
2871,8397065668,[정품] 토코보 쿨링 립 마스크 입술 각질 진정 toboco mint cool lip mask,26868090863,54,부기팡팡,12760,0,12760,0,4.5,R.LUX > 뷰티 > 메이크업 > 립 메이크업 > 립케어,0,5,2026-01-25 14:43:07.747778+00
2872,8399374068,삼성전자 870 EVO SATA SSD,24279201739,3727,주식회사 형도시스템,2830,0,2830,0,5,가전디지털 > 저장장치 > SSD,0,3,2026-01-25 14:43:07.747778+00
2873,8400392932,에뛰드 수분가득 콜라겐 스킨케어 세트 2종,22460259261,2408,프레이브로스,14900,0,14900,0,5,뷰티 > 스킨케어 > 기초세트,0,1,2026-01-25 14:43:07.747778+00
2874,8402632533,오쏘몰 이뮨 멀티비타민&미네랄,25565041174,1,아이와이2상회,24900,0,24900,0,5,식품 > 식품 선물세트 > 건강 > 비타민/건강식품,0,2,2026-01-25 14:43:07.747778+00
2875,8402720406,국내산 신안 천일염 20kg 태평염전 굵은 소금 국산 간수 명품 탈수 간수뺀 왕소금,23756730290,2347,달리와마켓,33600,0,33600,0,4.5,식품 > 사과식초/땅콩버터 외 > 조미료/오일/소스 > 에리스리톨/조미료 > 천일염,0,1,2026-01-25 14:43:07.747778+00
2876,8410711692,"하루아즈 대웅제약 임팩타뮨 활성비타민 멀티비타민 84정 코스트코 피로회복 빠른흡수, 1개, 84회분",25575175891,385,하루아즈,39900,45000,39900,19,4.5,식품 > 식품 선물세트 > 건강 > 비타민/건강식품,0,1,2026-01-25 14:43:07.747778+00
2877,8411214707,"퍼실 딥클린 파워젤 플러스 9중효소 겸용 액상세제 본품, 2.7L, 1개",26058634256,4461,주식회사 올픽,11330,15330,11330,63,5,생활용품 > 세탁세제 > 액체세제,0,3,2026-01-25 14:43:07.747778+00
2878,8411649035,"메디큐브 제로 모공 패드 2.0 70매+속커버+집게2p, 70매입, 1세트",16551726637,417,노빈라이트 유한회사,17800,24000,17800,42,5,뷰티 > 클렌징/필링 > 클렌징 티슈/시트,0,1,2026-01-25 14:43:07.747778+00
2879,8415604930,전자파차단 원적외선 기능성 복부 허리 온열찜질기,24336194871,1910,올디얼,76600,0,76600,0,5,가전디지털 > 건강가전 > 안마/찜질기 > 찜질기,0,1,2026-01-25 14:43:07.747778+00
2880,8422719752,DJI 무선 Mic Mini 송신기,24363823940,339,체리마루,6600,0,6600,0,5,가전디지털 > 음향기기 > PA/마이크/레코딩 > 마이크,0,6,2026-01-25 14:43:07.747778+00
2881,8428019476,DJI 무선 Mic Mini 2 TX + 1 RX 마이크 + 충전 케이스,24380424006,612,위캔코퍼레이,89000,0,89000,0,5,가전디지털 > 음향기기 > PA/마이크/레코딩 > 마이크,0,5,2026-01-25 14:43:07.747778+00
2882,8429938998,LG전자 2024 울트라 PC 15 코어i3 인텔 13세대,24385368371,354,이글루,279300,0,279300,0,5,가전디지털 > 노트북,0,3,2026-01-25 14:43:07.747778+00
2883,8449829217,"하기스 NEW 보송보송 팬티형 기저귀 공용, 5단계, 92매",24452365185,77864,파파마켓,25010,0,25010,0,5,쿠팡수입 > 출산/유아동 > 기저귀 > 일회용기저귀 > 팬티형,0,1,2026-01-25 14:43:07.747778+00
2884,8487852070,"에스트라 아토베리어 365 크림, 110ml, 1개",19346205823,4255,마이페이스샵,15500,0,15500,0,4.5,쿠팡수입 > 뷰티 > 스킨케어 > 크림/올인원 > 페이셜크림,0,2,2026-01-25 14:43:07.747778+00
2885,8505532003,"레고 닌자고 쟌의 울트라 합체 로봇 71834, 혼합색상, 1개",24618325718,277,큐브릭,35000,0,35000,0,5,완구/취미 > 블록놀이 > 레고 > 레고,0,1,2026-01-25 14:43:07.747778+00
2886,8518435238,LG전자 2025 그램 Pro AI 16 WQXGA 코어Ultra5 애로우레이크,24662380338,209,주식회사 레볼루션시스템,28610,0,28610,0,4.5,가전디지털 > 노트북,0,4,2026-01-25 14:43:07.747778+00
2887,8524192780,아디다스 삼바 OG B75807,23054451275,1591,브랜드셀러,11200,0,11200,0,4.5,패션의류/잡화 > 여성패션 > 신발 > 운동화/스니커즈 > 스니커즈,0,1,2026-01-25 14:43:07.747778+00
2888,8526261024,아임힐링 운남성 보이차 스틱,19950494948,1060,헬시에겟 healthy eget,46800,0,46800,0,4.5,식품 > 채소 > 인삼/건강차재료 > 건강 분말,0,1,2026-01-25 14:43:07.747778+00
2889,8534824283,유아용 자동차 운전놀이 장난감핸들 [KC인증],24706665454,380,도해라,65000,0,65000,0,4.5,완구/취미 > 수집품 > RC완구 > 전동RC카 > 온로드RC카,0,1,2026-01-25 14:43:07.747778+00
2890,8554238867,Apple 정품 전원 어댑터 20W USB C,3892998437,76000,엑설런트네트워크,24000,0,24000,0,5,가전디지털 > 휴대폰 액세서리 > 케이블/충전기 > 충전기,0,1,2026-01-25 14:43:07.747778+00
2891,8582731394,크린랩 뽑아쓰는 크린백 17cm x 25cm,27517498225,51690,케이와이컴퍼니,14800,0,14800,0,5,생활용품 > 생활잡화 > 비닐/포장용품 > 쇼핑백/비닐봉지 > 위생백/롤백,0,4,2026-01-25 14:43:07.747778+00
2892,8584918137,아레나 플레인 실리콘 수모 A5AC1AC01,25004126056,1023,에스에이치씨 스튜디오,18900,0,18900,0,5,스포츠/레저 > 수영/수상스포츠 > 수영용품 > 수영모 > 성인 수영모,0,6,2026-01-25 14:43:07.747778+00
2893,8591582398,레고 스피드 챔피언 Oracle Red Bull Racing RB20 F1 레이스 카 77243,24911051358,359,큐브릭,36800,0,36800,0,5,완구/취미 > 블록놀이 > 레고 > 레고,0,11,2026-01-25 14:43:07.747778+00
2894,8599139718,삼성전자 IPS 240Hz FHD 게이밍 모니터 오디세이 G4 BG400 [리뷰이벤트],24934049856,401,(주)오제앤에스,410000,0,410000,0,4.5,가전디지털 > 모니터 > 게이밍 모니터,0,0,2026-01-25 14:43:07.747778+00
2895,8624740157,"랩온랩 정품 k2 히말라야 숙취해소제 젤리, 40g, 1개",25023584277,998,에버딜글로벌,30000,0,30000,0,5,헬스/건강식품 > 건강분말/건강환 > 건강환,0,4,2026-01-25 14:43:07.747778+00
2896,8635436166,"[정품][MD/pick] lHOTl lHeartleafl//lCentellal//lRed Spotl 아누아 어성초 센텔라 레드스팟 크림 l트러블l l피부/진정l l피부/흔적l, 2개, 30g",25103127525,484,마운트빅 지엔씨,17360,0,17360,0,4.5,쿠팡수입 > 뷰티 > 스킨케어 > 크림/올인원 > 페이셜크림,0,1,2026-01-25 14:43:07.747778+00
2897,8637342934,"유한m 썬 비타민D 5000IU 200일분, 1박스, 200회분",25062541078,1,건강앤건강,51800,70000,51800,26,4,쿠팡수입 > 식품 > 건강식품 > 비타민/미네랄 > 비타민D,0,2,2026-01-25 14:43:07.747778+00
2898,8639520413,웨스퍼 필터(브리타 정수기 맥스트라 필터 호환) 6개,25071182004,3108,반디생활건강,16800,0,16800,0,4.5,결혼준비 > 주방용품 > 주방가전 > 정수기/냉온수기 > 정수기,0,3,2026-01-25 14:43:07.747778+00
2899,8645461517,"정성곳간 강순의 명인의 포기김치, 1개, 10kg",25093410134,1908,커닝시티상점 주식회사,21610,0,21610,0,4,식품 > 냉장/냉동/간편요리 > 김치/젓갈/장류 > 김치 > 포기김치,0,5,2026-01-25 14:43:07.747778+00
2900,8663811783,헤드앤숄더 클리니컬 스트렝스 비듬 건성 두피 400ml,23964522553,4617,태리상점,26800,0,26800,0,5,쿠팡수입 > 생활용품 > 헤어 > 샴푸/린스 > 샴푸,0,31,2026-01-25 14:43:07.747778+00
2901,8670889752,QCY 멜로버즈 프로 플러스 블루투스 이어폰,24374415556,2561,단이쿠 유한회사,15900,0,15900,0,5,가전디지털 > 음향기기 > 이어폰 > 블루투스 이어폰,0,5,2026-01-25 14:43:07.747778+00
2902,8683177784,"장어 6배 고함량 에너지 부스터 야근 육아 피로감 운동 전 후 활력 충전 고함량 액상 아르기닌 6000, 4세트, 30회분",25574519335,26,단골건강지킴이,224000,400000,224000,44,4.5,식품 > 건강식품 > 헬스보충식품 > 아미노산 > L 아르기닌,0,1,2026-01-25 14:43:07.747778+00
2903,8692655412,샌디스크 USB3.0 플레어 플래시 드라이브,26068333443,24516,제스트칸,35300,0,35300,0,5,쿠팡수입 > 가전디지털 > 저장장치 > USB메모리,0,3,2026-01-25 14:43:07.747778+00
2904,8710117109,AULA 독거미 펀키스 KTT 유무선 한글 기계식 키보드,25248235374,1127,제이 앤 제이(J&J company),18040,0,18040,0,5,가전디지털 > 키보드/마우스 > 키보드 > 기계식키보드,0,6,2026-01-25 14:43:07.747778+00
2905,8717500163,"오리온 초코파이 말차쇼콜라 12P(408g), 408g, 8개",25366800373,8243,그릿,8500,0,8500,0,4.5,식품 > 과자/초콜릿/시리얼 > 쿠키/파이 > 과자파이/과자케이크,0,4,2026-01-25 14:43:07.747778+00
2906,8729498536,프리미엄 오한진 백세 마시는 알부민_iy,27554142055,1072,아이와이2상회,81500,0,81500,0,4.5,헬스/건강식품 > 건강식품 > 기타건강식품 > 기타건강식품,0,3,2026-01-25 14:43:07.747778+00
2907,8750362716,"팸퍼스 베이비 드라이 아동공용 기저귀 팬티형, 6단계, 120매",23985668792,60311,인타임,26500,0,26500,0,5,쿠팡수입 > 출산/유아동 > 기저귀 > 일회용기저귀 > 팬티형,0,3,2026-01-25 14:43:07.747778+00
2908,8764275109,마샬 엠버튼3 미니 블루투스 스피커 포터블 소형 휴대용 캠핑 + 파우치,25486939330,17,유한회사 메이랑샵,290700,306000,290700,5,4,홈인테리어 > 카페트/쿠션 > 가전/가구커버 > 가전제품커버 > 공기청정기커버,0,4,2026-01-25 14:43:07.747778+00
2909,8821592139,"농심 짜파게티, 1개",15447819366,455149,(주)이레푸드,14900,0,14900,0,5,싱글라이프 > 즉석식품/라면 > 라면/파스타/면 > 짜장면/짬뽕/우동 > 짜장면,0,4,2026-01-25 14:43:07.747778+00
2910,8898921297,"조말론 향수 우드세이지 앤 씨솔트 코롱, 100ml, 1개",20282438306,511,유주월드,39900,0,39900,0,4.5,스포츠/레저 > 캠핑전문관 > 캠핑주방용품 > 식기/용기/커트러리 > 양념통,0,3,2026-01-25 14:43:07.747778+00
2911,8919025615,케이투세이프티 베이직 넥 게이터,20732054119,7971,도시플랜,12000,0,12000,0,5,스포츠/레저 > 스포츠잡화 > 스카프/넥워머 > 스카프/넥워머,0,5,2026-01-25 14:43:07.747778+00
2912,8932131418,"종근당건강 락토핏 플러스 듀얼바이오틱스 2000mg x 200포, 400g, 200개",18681369718,5777,진코,41630,0,41630,4,5,쿠팡수입 > 식품 > 곤약/방탄커피 외 > 건강식품 > MCT오일/영양제,0,2,2026-01-25 14:43:07.747778+00
2913,8936617595,아누아 PDRN 피디알엔 히알루론산 캡슐 100 세럼 30ml + 피디알엔 히알루론산 100 수분 크림 30ml 세트,26129199156,309,주식회사 키킷,39800,0,39800,0,4.5,뷰티 > 스킨케어 > 기초세트,0,1,2026-01-25 14:43:07.747778+00
2914,8948056027,심장두근거림 증상 이있으면 심혈관질환 이나 고지혈증증상 심근경색증상 협심증증상 부정맥증상 혹은 혈전 증상 을생각시죠 건강기능식품 비타민E 영양제 가 혈관 청소 항산화 에 도움됩니다,26900736218,1,원가상점,45000,65000,45000,30,5,쿠팡수입 > 식품 > 건강식품 > 비타민/미네랄 > 비타민E,0,2,2026-01-25 14:43:07.747778+00
2915,9023851599,스타벅스 SS 콩코드 사이렌 화이트 텀블러 591ml,26460969165,24,디스이스마인,20850,0,20850,0,4,쿠팡수입 > 주방용품 > 밀폐저장/도시락 > 물병/물통/텀블러 > 텀블러/쉐이커,0,3,2026-01-25 14:43:07.747778+00
2916,9039184892,Rotima 대용량 초음파 가습기 4L 무소음 무드등 간편 통세척 사무실 탁상용 가정용 가습기,26519737262,2785,리관진이커머스 유한회사,47500,0,47500,0,5,쿠팡수입 > 헬스/건강식품 > 건강/의료용품 > 호흡/수면건강 > 가습기/에어워셔,0,1,2026-01-25 14:43:07.747778+00
2917,9039379842,"일리윤 세라마이드 아토로션 무향, 128ml, 3개",27207283323,118774,지기샵,16900,0,16900,0,5,뷰티 > 바디 > 바디로션/크림 > 바디로션,0,4,2026-01-25 14:43:07.747778+00
2918,9073375,"초코파이 30개입X2박스, 1.17kg, 2개",19203258272,143186,시원유통,8500,0,8500,0,5,식품 > 과자/초콜릿/시리얼 > 쿠키/파이 > 과자파이/과자케이크,0,4,2026-01-25 14:43:07.747778+00
2919,9077242924,호카 본디 9 블랙 화이트 - 와이드 1162013-BBLC,26670431007,135,팡팡샵,105000,0,105000,0,4.5,스포츠/레저 > 스포츠신발 > 런닝화/운동화 > 운동화,0,0,2026-01-25 14:43:07.747778+00
2920,9080654398,설화수 맨 본윤 기초 2종 세트,23607725360,5876,뷰티스마일,39800,0,39800,0,5,R.LUX > 뷰티 > 남성화장품 > 남성 선물세트,0,1,2026-01-25 14:43:07.747778+00
2921,9083987029,고야 대용량 피티드 블랙 올리브,14707947968,3721,형제무역,18000,0,18000,0,5,식품 > 식품 선물세트 > 즉석/가공식품 > 햄/돈육통조림세트,0,6,2026-01-25 14:43:07.747778+00
2922,9090908239,씨게이트 외장하드 USB3.0 고속 사용 + 암호화 + 데이터 복구 기능,26715635013,36,직구파크2,199000,0,199000,0,3.5,가전디지털 > 1인방송 전문관 > 저장장치/배터리 > 외장하드,0,13,2026-01-25 14:43:07.747778+00
2923,9126340912,삼성전자 PD PPS GaN C타입 초고속 충전기 25W,20613214777,9586,빠스트1,3670,0,3670,0,5,가전디지털 > 휴대폰 액세서리 > 케이블/충전기 > 충전기,0,3,2026-01-25 14:43:07.747778+00
2924,9150924970,"팸퍼스 2026 엔젤브리즈 소프트 팬티형 기저귀 남여공용, 168매, 4단계",26945854987,978,Jstyle,42900,0,42900,0,5,쿠팡수입 > 출산/유아동 > 기저귀 > 일회용기저귀 > 팬티형,0,4,2026-01-25 14:43:07.747778+00
2925,9151497911,크록스 남녀공용 바야밴드 크록밴드 클래식 클로그 스포츠 샌들 슬리퍼,26947357610,209,말끔하게카,28400,0,28400,0,4.5,패션의류/잡화 > 여성패션 > 신발 > 샌들,0,3,2026-01-25 14:43:07.747778+00
2926,9172716937,FW25 화이트라벨 공용 블랙 노벨티 눕시 RDS 다운 자켓 NJ1DM62G 방수 방풍 겨울 패딩,27036382487,153,금수성 유한회사,34900,0,34900,0,4.5,패션의류/잡화 > 남녀 공용 의류 > 아우터 > 점퍼,0,1,2026-01-25 14:43:07.747778+00
2927,9182615829,"입생로랑 따뚜아쥬 꾸뛰르 벨벳 립틴트 6ml, 221 플레이 잇 코랄, 1개",17473864881,287,바이윤,31000,0,31000,0,4.5,R.LUX > 뷰티 > 메이크업 > 립 메이크업 > 틴트/립글로스,0,0,2026-01-25 14:43:07.747778+00
2928,9196303257,로지텍 G102IC 2세대 LIGHTSYNC 게이밍 유선마우스,27241133151,23197,유니마트,32900,0,32900,0,5,쿠팡수입 > 가전디지털 > 키보드/마우스 > 마우스 > 유선마우스,0,2,2026-01-25 14:43:07.747778+00
2929,9198914943,"두바이초콜릿 2세대 쫀득쿠키 수제디저트 핫한간식 피스타치오 꽉찬 쫀득볼[배송5일이상], 1개, 45g",27157317155,49,메리하우스,35000,0,35000,0,2,쿠팡수입 > 식품 > 과자/초콜릿/시리얼 > 쿠키/파이 > 과자쿠키,0,11,2026-01-25 14:43:07.747778+00
2930,9240374111,"달바 화이트 트러플 퍼스트 스프레이 세럼, 100ml, 2개",19178968391,4098,유한회사 장흥,22610,0,22610,0,4.5,R.LUX > 뷰티 > 스킨케어 > 스킨케어 > 에센스/세럼/앰플,0,3,2026-01-25 14:43:07.747778+00
2931,9257665898,"오쏘몰 이뮨 멀티비타민 7일분 1상자, 7회분, 1개",25565041174,1,아이와이2상회,25800,0,0,0,0,건강식품,0,0,2026-01-25 14:43:07.747778+00
2932,9257712506,"락토핏 종근당건강 생유산균 코어맥스, 120g, 2개",22947634953,1987,현하트몰,35000,0,35000,0,5,쿠팡수입 > 식품 > 곤약/방탄커피 외 > 건강식품 > MCT오일/영양제,0,3,2026-01-25 14:43:07.747778+00
2933,9285402493,"오리온 초코파이, 1.17kg, 2개",23361510752,8815,리빙블룸,20900,0,20900,0,5,식품 > 과자/초콜릿/시리얼 > 쿠키/파이 > 과자파이/과자케이크,0,3,2026-01-25 14:43:07.747778+00
2934,9294380958,맥심 모카골드 마일드 커피믹스,72916855,459248,성지물류주식회사,22900,0,22900,0,5,식품 > 커피/원두/차 > 커피믹스 > 일반커피믹스,0,5,2026-01-25 14:43:07.747778+00
2935,9304290796,아벤느 시칼파트 플러스 크림 100ml 2팩,26792500029,2,지오트래블2,203000,0,203000,0,5,쿠팡 홈,0,25,2026-01-25 14:43:07.747778+00
2936,9307692947,조선미녀 맑은쌀 선크림 50ml 기획 (+10ml*2개),27577463633,2160,아이와이2상회,20000,0,20000,0,4.5,출산/유아동 > 욕실용품/스킨케어 > 선케어/야외활동케어 > 유아 선크림,0,0,2026-01-25 14:43:07.747778+00
2937,9313575074,하루틴 리포좀 비타민C 1100mg,27588383565,9350,오구컴퍼니,17500,23000,17500,23,4.5,식품 > 사과식초/땅콩버터 외 > 건강식품 > 비타민/미네랄 > 비타민C,0,2,2026-01-25 14:43:07.747778+00
2938,9314461904,"하기스 네이처메이드 생분해물티슈 휴대용, 1매, 12세트",27529723660,3386,어반스토어,10920,0,10920,0,5,출산/유아동 > 출산준비물/선물 > 위생/건강용품 > 물티슈/건티슈,0,1,2026-01-25 14:43:07.747778+00
2939,96571,"농심 안성탕면 125g, 1개",23115326416,365271,소용마켓,12900,0,12900,0,5,싱글라이프 > 즉석식품/라면 > 라면/파스타/면 > 라면/컵면 > 봉지라면,0,3,2026-01-25 14:43:07.747778+00
2940,8581514550,304 베르니엘 여자향수 베이비파우더향 비누향 파우더리릴리 여성향수 아기향 플로럴 은은한 니치향수,24873929180,1249,주식회사 블루마틴,54780,99800,0,50,5,R.LUX > 뷰티 > 향수 > 향수,0,1,2026-01-25 14:43:08.573739+00
2941,8246260146,"산과들에 원데이 코코너츠 화이트 30봉 / 코코넛 하루견과, 20g, 30개",13763415709,4021,(주)산과들에,12630,15300,14900,18,5,식품 > 식품 선물세트 > 견과,0,3,2026-01-25 14:43:08.573739+00
2942,8734489525,"센텔리안24 마데카크림 타이트 리프팅, 50ml, 4개",25476600360,5106,(주)에스티아이그룹,31560,152000,36950,79,4.5,쿠팡수입 > 뷰티 > 스킨케어 > 크림/올인원 > 페이셜크림,0,2,2026-01-25 14:43:08.573739+00
2944,8936204653,"99바이탈 올인원 종합비타민, 1개, 300정",26127376747,1714,위하다글로벌(주),9900,0,19800,50,5,식품 > 식품 선물세트 > 건강 > 비타민/건강식품,0,1,2026-01-25 14:43:08.573739+00
2945,8451486353,GRX 미세모전용 족집게 잔털제모 트위저,24451984929,766,뉴피아,9290,15900,0,42,4.5,R.LUX > 뷰티 > 뷰티소품 > 아이소품,0,1,2026-01-25 14:43:08.573739+00
2946,8342279145,가드데이 프리미엄 정제수 휴대용 물티슈 캡형,24016421537,4693,주식회사 엠에이티,12990,19900,19180,39,4.5,생활용품 > 화장지/물티슈 > 물티슈/비데티슈 > 물티슈,0,3,2026-01-25 14:43:08.573739+00
2947,7925483056,팬톤 PD 22.5W 초고속충전 대용량 케이블 일체형 미러 보조배터리 10000mAh PGB-20,21787007376,10479,리얼코리아,17900,0,24900,28,4.5,가전디지털 > 1인방송 전문관 > 저장장치/배터리 > 보조배터리,0,1,2026-01-25 14:43:08.573739+00
2948,6625030569,"[본사직영]광동 비타500 기분좋은활력 비타민D 100ml x 30병, 30개",20001678372,5894,광동제약(주)(본사직영),15360,17400,17700,36,5,식품 > 생수/음료 > 탄산/스포츠음료 > 비타민음료,0,4,2026-01-25 14:43:08.573739+00
2950,6357109541,"코카콜라 업소용, 500ml, 24개",26211140993,127537,주식회사 드링킹,10300,58990,11100,81,5,식품 > 생수/음료 > 탄산/스포츠음료 > 콜라,0,2,2026-01-25 14:43:08.573739+00
2951,8424947419,"몬스터 에너지 울트라, 355ml, 24개",24411503064,27632,해태음료원주대리점,31800,0,34900,0,5,쿠팡수입 > 식품 > 생수/음료 > 탄산/스포츠음료 > 탄산수,0,4,2026-01-25 14:43:08.573739+00
2952,8157280227,"포카리스웨트 240ml x 30캔 이온 스포츠 음료수, 30개",24328833528,93910,동아몰,19190,29000,21900,33,5,식품 > 생수/음료 > 탄산/스포츠음료 > 스포츠/이온음료,0,4,2026-01-25 14:43:08.573739+00
2953,8414524935,올리타리아 유기농 엑스트라버진 올리브유,26248442360,1318,주식회사 지엑스,19350,0,19350,0,5,식품 > 사과식초/땅콩버터 외 > 조미료/오일/소스 > 올리브유/오일/버터 > 엑스트라버진 올리브유,3500,3,2026-01-25 14:43:08.573739+00
2954,8181493237,"[본사] 관절엔 콘드로이친 (3개월분) 선물세트 (쇼핑백 포함), 60정, 3개",21403808858,1028,주영엔에스 주식회사,166000,297000,166000,44,5,헬스/건강식품 > 건강식품 > 기타건강식품 > 기타건강식품,0,2,2026-01-25 14:43:08.573739+00
2955,5672672393,로랜텍 아이패드 호환 스타일러스 스마트 터치펜 RRT-412,9345799872,11506,로랜텍로지스,29400,43900,21800,36,4.5,가전디지털 > 태블릿PC > 액세서리 > 터치펜,0,1,2026-01-25 14:43:08.573739+00
2956,8666795893,프로코 실내건조 핑크로즈 섬유유연제,25155180368,914,주식회사 리프앤코,8900,12900,0,31,4.5,생활용품 > 세탁세제 > 섬유유연제 > 액체섬유유연제,0,3,2026-01-25 14:43:08.573739+00
2957,1650278,"게토레이 레몬, 1.5L, 6개",21309307660,53805,은진유통,6500,0,8750,0,5,식품 > 생수/음료 > 탄산/스포츠음료 > 스포츠/이온음료,5000,4,2026-01-25 14:43:08.573739+00
2958,8844704814,"오케이 굵은후추 후레이크 흑후추, 1개, 1kg",25780383893,27,뉴다팜,24900,29000,0,14,5,식품 > 가루/조미료/오일 > 설탕/소금/조미료 > 후추,0,1,2026-01-25 14:43:08.573739+00
2959,6960003161,"올리타리아 엑스트라버진 올리브유, 1L, 1개",25700677626,1368,주식회사 티에스,22870,0,22870,0,5,식품 > 사과식초/땅콩버터 외 > 조미료/오일/소스 > 올리브유/오일/버터 > 엑스트라버진 올리브유,0,1,2026-01-25 14:43:08.573739+00
2960,8402456448,"동서 오레오 화이트 샌드위치 쿠키, 500g, 2개",24992030588,51954,희월드,10470,0,0,0,5,식품 > 과자/초콜릿/시리얼 > 비스킷/크래커 > 샌드/산도,0,3,2026-01-25 14:43:08.573739+00
2961,8457471550,프랑스 톰슨 블루투스 6.0 ENC 노이즈 캔슬링 생활 방수 오픈형 귀걸이 무선 블루투스 이어폰,27584072680,59,주식회사 이룸샵,58900,164090,128000,0,5,가전디지털 > 음향기기 > 이어폰 > 블루투스 이어폰,0,1,2026-01-25 14:43:08.573739+00
2963,8243987922,"비비고 한우사골곰탕, 500g, 4개",27458779204,17829,주식회사 나루,9900,0,9900,57,4.5,식품 > 면/통조림/가공식품 > 즉석국/간편조리 > 즉석국/탕/찌개 > 즉석탕/찌개,0,2,2026-01-25 14:43:08.573739+00
2964,7737561413,오뚜기 3분요리 2종 각 6개 미트볼+햄버그스테이크,26607103935,473,오뚜기mall,23320,0,23320,0,5,식품 > 면/통조림/가공식품 > 즉석국/간편조리 > 기타즉석식품,0,3,2026-01-25 14:43:08.573739+00
2965,7415921989,"해태 포키극세초콜릿, 44g, 8개",21414887621,8474,주식회사 올픽,14500,0,14500,16,5,쿠팡수입 > 식품 > 과자/초콜릿/시리얼 > 비스킷/크래커 > 빼빼로/막대과자,0,3,2026-01-25 14:43:08.573739+00
2966,1972869784,"하이뮨 프로틴 밸런스 면역케어스틱, 19g, 100개",25992952132,8743,(주)현대홈쇼핑(방송),94830,109000,94830,47,5,헬스/건강식품 > 영양식/선식 > 성인분유,0,1,2026-01-25 14:43:08.573739+00
2967,8337624169,"베지빈 병아리콩 비건 마요네즈 저당 저칼로리, 1개, 250g",24075972813,2517,주식회사 큐어핏,6500,10900,6500,4,5,식품 > 장/소스/드레싱/식초 > 케찹/마요네즈 > 마요네즈,0,3,2026-01-25 14:43:08.573739+00
2968,7663062764,"두오모 DUOMO 천연발효 유기농 사과식초 애플사이다비니거 애사비, 1L, 1개",20420666452,7545,주식회사 위레스코,7180,9690,7180,25,4.5,식품 > 장/소스/드레싱/식초 > 식초/미림 > 사과식초,0,1,2026-01-25 14:43:08.573739+00
2969,8591109936,"알다루즈 엑스트라버진 압착 올리브오일(산도0.2), 1개, 1L",24974638478,4302,주식회사 바름코리아,19640,26000,19640,24,5,식품 > 사과식초/땅콩버터 외 > 조미료/오일/소스 > 올리브유/오일/버터 > 엑스트라버진 올리브유,0,3,2026-01-25 14:43:08.573739+00
2970,8769928537,해브유 고화질 초소형 액션캠 180도 회전렌즈 브이로그카메라 바디캠 자전거 오토바이블랙박스,25508235980,304,주식회사 린보,49800,65500,49800,23,4.5,가전디지털 > 카메라 > 액션캠/캠코더 > 액션캠,0,1,2026-01-25 14:43:08.573739+00
2971,8037402239,(최신버전) 틴도우 스마트 물걸레 로봇청소기+1년보증,22491953248,3294,유한회사 티안다오청결가구,126000,229900,126000,45,5,가전디지털 > 청소기 > 로봇청소기,0,4,2026-01-25 14:43:08.573739+00
2972,9000375996,삼성전자 갤럭시 A36 자급제 공기계 SM-A366N,26375000646,1764,(주)쇼마젠시,499400,0,499400,16,5,가전디지털 > 1인방송 전문관 > 카메라 > 휴대폰,0,3,2026-01-25 14:43:08.573739+00
2973,8379953644,공식 25년 최신상 드리미 무선 물걸레전용 AI 로봇청소기 L10s Plus,24215468940,185,주식회사레전드글로벌,359100,620090,359100,42,5,가전디지털 > 청소기 > 로봇청소기,0,4,2026-01-25 14:43:08.573739+00
2974,8645435090,앤커 사운드코어 P30i 노이즈캔슬링 블루투스이어폰,25093321147,406,"앤커이노베이션코리아 주식회사 (Anker Innovations Korea Co., Ltd.)",24990,49990,24990,50,4.5,가전디지털 > 음향기기 > 이어폰 > 블루투스 이어폰,0,1,2026-01-25 14:43:08.573739+00
2975,9058652105,오지렌 ENC 노이즈 캔슬링 오픈 귀걸이형 블루투스 이어폰,26593869765,587,오지렌 주식회사,14310,34900,14310,58,5,가전디지털 > 음향기기 > 이어폰 > 블루투스 이어폰,0,1,2026-01-25 14:43:08.573739+00
2976,8500417206,일이오 1+1 나이키 에브리데이 쿠션 장목양말 2팩 6세트 SX7664-100,24694474549,4903,주식회사 일이오,19250,37000,19250,47,5,패션의류/잡화 > 여성패션 > 가방/잡화 > 양말/스타킹 > 양말,0,1,2026-01-25 14:43:08.573739+00
2977,8493415979,"브이피 바세린 플러스 멀티밤 스틱, 1개, 40g",24579150420,1648,주식회사 제이코스,10000,12000,10000,20,5,R.LUX > 뷰티 > 스킨케어 > 스킨케어 > 크림 > 멀티밤/스틱,0,2,2026-01-25 14:43:08.573739+00
2978,8299466925,"프리메라 내추럴 리치 수분 클렌징 폼, 150ml, 1개",27540055829,1355,㈜엔에스쇼핑,17100,0,17100,0,5,쿠팡수입 > 뷰티 > 클렌징/필링 > 클렌징 폼,0,3,2026-01-25 14:43:08.573739+00
2979,7336067195,"프리메라 바하 버블 필링 클렌저, 2개, 200ml",19224495901,257,제이디,37560,0,37560,0,5,쿠팡수입 > 뷰티 > 클렌징/필링 > 클렌징 폼,0,1,2026-01-25 14:43:08.573739+00
2980,161758818,"쿤달 허니 앤드 마카다미아 퓨어 바디워시 일랑일랑, 500ml, 2개",533150078,7824,주식회사 투윙스,11490,21500,11490,41,4.5,뷰티 > 바디 > 샤워/입욕용품 > 바디워시,0,3,2026-01-25 14:43:08.573739+00
2981,6290938017,"멈칫 바디로션 마젠타레이디400ml 2개, 400ml",20508112731,609,주식회사 마인드디저트,16020,22980,16020,30,4.5,뷰티 > 바디 > 바디로션/크림 > 바디로션,0,2,2026-01-25 14:43:08.573739+00
2983,6922193251,"이넬릭서 파이브세컨즈 남자올인원 스킨 200ml, 3개",16720373660,1216,주식회사 리노아,24480,26370,24480,10,4.5,R.LUX > 뷰티 > 남성화장품 > 남성 스킨케어 > 올인원,0,2,2026-01-25 14:43:08.573739+00
2984,7996119593,"코리아나 퍼펙트 옴므 올인원 로션, 200ml, 2개",22245099186,6615,"(주)어거스트포코리아(AUGUST FOUR KOREA Co.,Ltd.)",18990,20000,18990,58,4.5,쿠팡수입 > 뷰티 > 스킨케어 > 크림/올인원 > 페이셜크림,0,1,2026-01-25 14:43:08.573739+00
2985,5436176267,"록키스 아쿠아 부스트 옴므 올인원, 200ml, 2개",8252450864,6688,주식회사 위드스킨인터내셔널,14300,55600,14300,64,4.5,R.LUX > 뷰티 > 남성화장품 > 남성 스킨케어 > 올인원,0,1,2026-01-25 14:43:08.573739+00
2986,7170465363,"도루코 올뉴 페이스 포 일회용면도기, 1개입, 20개",21485782558,6686,바른몰,16700,0,16700,29,5,생활용품 > 구강/면도 > 면도기/날 > 일회용면도기,0,1,2026-01-25 14:43:08.573739+00
2987,8328667420,"대천김 재래김, 20g, 20개",26024043017,1447,대천김(주),25510,28000,25510,6,5,식품 > 반찬/간편식/대용식 > 김치/반찬/김 > 김 > 전장김,0,2,2026-01-25 14:43:08.573739+00
2988,8072933460,"18겹 밀푀유 식빵 (80g x 8), 8개, 640g",24729121423,1657,에스앤제이(S&J),60840,119800,60840,11,4.5,식품 > 반찬/간편식/대용식 > 햄버거/베이커리/떡 > 식빵/베이글/프레즐 > 식빵,0,3,2026-01-25 14:43:08.573739+00
2989,9285312877,"coowy 탑젤리 베트남 망고젤리, 1kg, 1개",22665403798,3653,한스마켓,14700,25000,14700,28,5,식품 > 과자/초콜릿/시리얼 > 젤리/캐러멜 > 젤리 > 츄잉젤리,0,2,2026-01-25 14:43:08.573739+00
2990,7955606989,고농축 애플 망고젤리,21979371796,441,동일식품,19800,29900,19800,33,4.5,식품 > 과자/초콜릿/시리얼 > 젤리/캐러멜 > 젤리 > 츄잉젤리,0,1,2026-01-25 14:43:08.573739+00
2991,1969804253,"호정가 찹쌀약과세트, 1kg, 1개",23066283663,7623,호정가 주식회사,11630,16000,11630,3,4.5,식품 > 과자/초콜릿/시리얼 > 전통과자/떡 > 한과/전통과자 > 약과,0,1,2026-01-25 14:43:08.573739+00
2992,7650136072,"수담한과 고급지함1호 예담 2단구성 한과 선물 세트, 1세트, 1kg",20352885066,1479,수식품,20310,21900,20310,7,4.5,식품 > 식품 선물세트 > 과자/간식 > 한과선물세트,0,1,2026-01-25 14:43:08.573739+00
2993,7787063899,"우주오란다 말랑말랑 플레인 강정, 30g, 12개",21384113803,5325,주식회사 큐플,14650,19800,14650,27,5,식품 > 과자/초콜릿/시리얼 > 전통과자/떡 > 한과/전통과자 > 강정,0,3,2026-01-25 14:43:08.573739+00
2994,2162128103,ATD AK6 프로 카본 탁구 라켓 2p + 가방 세트,13207441496,629,에이티디,32990,50000,32990,34,4.5,스포츠/레저 > 라켓스포츠 > 탁구 > 탁구라켓,0,3,2026-01-25 14:43:08.573739+00
2995,1478762160,스타스포츠 셔틀콕 DB-160,2540458884,721,에쓰씨플레닛주식회사,16000,0,16000,14,4.5,스포츠/레저 > 라켓스포츠 > 배드민턴 > 셔틀콕,0,4,2026-01-25 14:43:08.573739+00
2996,8743550209,Mankiw맨큐 IPX8 방수 수영 골전도 이어폰 오픈 Swimming 내장 MP3모드 최신 블루투스 5.4,25411200301,1156,종품생활 유한회사,39800,69800,39800,42,5,가전디지털 > 음향기기 > 이어폰 > 블루투스 이어폰,0,1,2026-01-25 14:43:08.573739+00
2997,8166600344,인조이스윔 수영 샴푸 바디워시 염소제거 수영장 클렌저 세트,22603069397,132,주식회사 제이피에스코스메틱,21390,33800,21390,36,5,쿠팡수입 > 생활용품 > 헤어 > 샴푸/린스 > 샴푸,0,1,2026-01-25 14:43:08.573739+00
2998,7126537593,아레나 타포린 수경가방 A2AC1AB02,22350621191,1186,주식회사 수영사랑,11040,11510,11040,10,4.5,스포츠/레저 > 수영/수상스포츠 > 수영용품 > 수영가방/방수팩 > 수영가방,0,2,2026-01-25 14:43:08.573739+00
2999,8308854969,시벅스 칸막이 레고정리함 토이박스,21060139632,329,시벅스-PC,24150,39900,24150,41,5,출산/유아동 > 유아가구/인테리어 > 수납/정리함 > 장난감정리함,0,1,2026-01-25 14:43:08.573739+00
3000,8293976585,뚜뚜아트 펠트 바구니 장난감 정리함 기저귀 수납함,21677976379,555,주식회사 제스제이,6520,11000,6520,17,5,출산/유아동 > 유아가구/인테리어 > 수납/정리함 > 장난감정리함,0,1,2026-01-25 14:43:08.573739+00
3001,6275356419,"제주 감귤유과 300g (개별포장) 설날 선물세트 명절 부모님 간식 단체 선물 전통 한과 어린이집 유치원 답례품 요양원, 1개",26079469899,2662,청명한,10800,11800,10800,2,4.5,식품 > 식품 선물세트 > 과자/간식 > 한과선물세트,0,1,2026-01-25 14:43:08.573739+00
3002,175392888,"애들랜드 체스 자석보드게임, 혼합색상, 1개",501370214,2080,주식회사 애들랜드,6900,0,6900,0,5,완구/취미 > 보드게임 > 바둑/체스/윷놀이 > 체스 > 체스말+판,0,1,2026-01-25 14:43:08.573739+00
3003,8232592804,"캄컴퍼니 추억의 전통 윷놀이 세트 온가족 명절 게임 편백나무색상, 1세트, 편백나무색",23696154856,552,캄컴퍼니,10990,13590,10990,54,5,완구/취미 > 보드게임 > 바둑/체스/윷놀이 > 윷놀이,0,1,2026-01-25 14:43:08.573739+00
3004,2167045602,다소니아 자석 바둑판 세트 28 x 28cm,3684583433,2001,다소니아,11450,12450,11450,8,4.5,완구/취미 > 보드게임 > 바둑/체스/윷놀이 > 바둑 > 바둑알+판,0,1,2026-01-25 14:43:08.573739+00
3005,7942961050,베로 아이패드 파우치,21884324327,433,다베로,9700,22900,9700,57,4.5,가전디지털 > 태블릿PC > 액세서리 > 케이스/보호필름 > 케이스,0,1,2026-01-25 14:43:08.573739+00
3006,7371289955,"엘리자베스아덴 그린티 에너자이징 배스 앤 샤워젤, 1개, 200ml",434422194,796,(주)씨제이이엔엠 (CJ온스타일),10140,10900,10140,66,4.5,뷰티 > 바디 > 샤워/입욕용품 > 바디워시,0,1,2026-01-25 14:43:08.573739+00
3007,2340692339,네오플램 레트로 곰솥냄비,4055278265,78,(주)리빙스토리,35910,59900,35910,40,4.5,주방용품 > 냄비/프라이팬 > 찜솥/들통 > 곰솥/다용도솥,0,2,2026-01-25 14:43:08.573739+00
3008,8358417255,보오든 IH 세라믹 양수 냄비,24153235966,342,(주)맥스올(MAXALL),26530,44000,26530,23,4.5,주방용품 > 냄비/프라이팬 > 냄비/뚝배기 > 냄비 > 양손냄비,0,1,2026-01-25 14:43:08.573739+00
3009,8817200733,셰프라인 쵸코크림 IH 세라믹코팅 인덕션 냄비,24553914628,312,꿈꾸는 주방,21240,34000,21240,37,4.5,주방용품 > 냄비/프라이팬 > 냄비/뚝배기 > 냄비 > 양손냄비,0,1,2026-01-25 14:43:08.573739+00
3010,8878500267,미츠키 인덕션용 손잡이 후라이팬 냄비 세트 탈부착식,25910584797,181,주식회사 엘에스엘,83600,98800,83600,43,5,결혼준비 > 주방용품 > 쿡웨어 > 냄비 > 냄비세트,0,1,2026-01-25 14:43:08.573739+00
3011,9162853004,"쏘리브 수경재배 식물 유리 화병, 3개",26993217712,20,쏘리브(soliv),10110,12900,10110,21,5,홈인테리어 > 원예/가드닝 > 식물/나무 > 수경재배,0,6,2026-01-25 14:43:08.573739+00
3012,6975977715,코이체 자동차 접이식 트렁크 정리함 대형66L,17027357563,768,주식회사 씨앤씨플러스,25120,40410,25120,37,4.5,자동차용품 > 인테리어 > 수납/정리용품 > 트렁크정리함,0,1,2026-01-25 14:43:08.573739+00
3013,25774516,"메디렌즈 멀티액 60ml 소프트렌즈용액, 10개",11186172041,2418,한빛상사,9920,10500,9920,5,5,헬스/건강식품 > 건강/의료용품 > 눈건강/렌즈관리 > 렌즈세정/보존액,0,2,2026-01-25 14:43:08.573739+00
3014,7808507380,"대디베이비 골드 팬티형 기저귀 남아용, 점보형(2XL), 68매",988554133,903,주식회사 영광상사,19760,23570,19760,21,5,쿠팡수입 > 출산/유아동 > 기저귀 > 일회용기저귀 > 팬티형,0,1,2026-01-25 14:43:08.573739+00
3015,9192494750,"삼육두유 검은콩파우치, 190ml, 60개",24816889596,1520,건강종합몰,34960,46900,34960,47,5,싱글라이프 > 샐러드/시리얼 > 시리얼/쉐이크/선식 > 우유/요거트 > 두유,0,3,2026-01-25 14:43:08.573739+00
3016,8814671608,"네츄럴올가 무첨가 땅콩버터 오리지널 100% 스틱 무가당, 60개, 20g",25682382595,408,내추럴올가,36390,66440,36390,36,5,싱글라이프 > 간식/베이커리 > 잼/시럽/꿀 > 잼/스프레드 > 땅콩버터잼,0,1,2026-01-25 14:43:08.573739+00
3017,8334527843,"제이넛터 무가당 100% 땅콩버터 스무스, 1개, 500g",24065016936,6210,하르,7700,12000,7700,35,4.5,싱글라이프 > 간식/베이커리 > 잼/시럽/꿀 > 잼/스프레드 > 땅콩버터잼,0,1,2026-01-25 14:43:08.573739+00
3018,9178702872,"[꿀먹은 한라산] 귀한 제주산 100% 사양 꿀스틱 50개입(단품), 500g, 1개",27011877686,2119,연담,21160,25000,21160,15,5,싱글라이프 > 간식/베이커리 > 잼/시럽/꿀 > 시럽/꿀 > 꿀,0,1,2026-01-25 14:43:08.573739+00
3019,7865586354,디온 블랙 마카롱 옻칠 나무 수저 세트,23912251260,242,주식회사 디온,27550,37000,27550,34,4.5,주방용품 > 수저/커트러리 > 수저/커트러리세트 > 한식수저세트,0,1,2026-01-25 14:43:08.573739+00
3020,8805189514,"와겐 304스텐 깊고넓은 왕 숟가락, 실버, 5개",26995842147,325,브릭홈,11890,21000,11890,43,4.5,주방용품 > 수저/커트러리 > 숟가락/티스푼 > 숟가락/테이블스푼,0,2,2026-01-25 14:43:08.573739+00
3021,9101221318,누오 간편세척 무드등 초음파 가습기,26754524812,862,코코모,22800,45800,22800,50,4.5,쿠팡수입 > 헬스/건강식품 > 건강/의료용품 > 호흡/수면건강 > 가습기/에어워셔,0,1,2026-01-25 14:43:08.573739+00
3022,8389585548,데시뉴 에센스 항균 누빔 이불겸 침대패드 스프레드,24250291400,960,주식회사 혜윰베딩,12380,20900,12380,43,4.5,홈인테리어 > FW 침구샵 > 패드/스프레드 > 스프레드,0,1,2026-01-25 14:43:08.573739+00
3023,8921455251,"스타그린 10mm 미끄럼방지 현관 코일매트 막힘형 / 출입구.상가용 1M단위 연결형 120cm폭, 코일매트 일반형 그레이(GRAY), 1개",26070757021,261,주식회사 대한매트,24540,35000,24540,21,4.5,생활용품 > 생활잡화 > 돗자리/코일매트 > 미끄럼방지/코일매트,0,2,2026-01-25 14:43:08.573739+00
3024,8185034096,빙그레 더단백 드링크 6종 기획(초코 카라멜 커피 딸기 바나나 멜론) 총 18개,25036110037,423,(주)빙그레,26060,29900,26060,12,5,식품 > 유제품/아이스크림 > 멸균우유 > 딸기/초코/커피/바나나우유 > 딸기우유,0,2,2026-01-25 14:43:08.573739+00
3025,6543465039,"[800억 프로바이오틱스] ver.1971 원조 야쿠르트 450ml, 6개",19933915719,1889,(주)에치와이,12160,14400,12160,19,4.5,식품 > 유제품/아이스크림 > 요구르트 > 마시는 요구르트,0,9,2026-01-25 14:43:08.573739+00
3026,8205068143,"해태 갈아만든배 340ml, 6개",15764510700,41810,코웰음료 (주),6140,7900,6140,4,5,쿠팡수입 > 식품 > 생수/음료 > 탄산/스포츠음료 > 기타탄산음료,0,2,2026-01-25 14:43:08.573739+00
3027,8180059688,"나랑드사이다 제로, 1.25L, 12개",23400721429,151157,동아몰,11300,19000,11300,40,5,식품 > 생수/음료 > 탄산/스포츠음료 > 사이다,0,3,2026-01-25 14:43:08.573739+00
3028,8308921966,"초록매실 스파클링 제로, 350ml, 10개",24046641508,11478,웅진푸드,7500,11600,7500,33,5,식품 > 생수/음료 > 과일/야채음료 > 매실/알로에주스 > 매실주스,0,4,2026-01-25 14:43:08.573739+00
3029,9198533052,"존슨즈베이비 베드타임 바스 바디클렌저 아로마향, 1L, 1개",17464958034,3106,(주)유니토아,14300,28000,14300,48,4.5,출산/유아동 > 욕실용품/스킨케어 > 유아워시/샴푸 > 유아바디워시,0,3,2026-01-25 14:43:08.573739+00
3030,8207910446,"순수주의 퓨어 오리지널 수용성 마사지 젤, 1개, 50ml",24989908411,1694,주식회사 파로스아스,7110,8500,7110,29,4.5,뷰티 > 바디 > 바디로션/크림 > 바디로션,0,1,2026-01-25 14:43:08.573739+00
3031,9174058645,아데나루체 오데퍼퓸 여자들이 좋아하는,27042420941,393,(주)와이엔지컴퍼니,21210,28660,21210,25,4.5,R.LUX > 뷰티 > 향수 > 향수,0,4,2026-01-25 14:43:08.573739+00
3032,7941691707,프로틴스토리 맛있는 단백질 퓨어프로틴7,20989787462,1377,프로틴 스토리,45500,0,45500,0,4.5,스포츠/레저 > 헬스/요가/댄스 > 헬스보충식품 > 프로틴 > 복합 프로틴파우더,0,1,2026-01-25 14:43:08.573739+00
3033,12849541,"원데이뉴트리션 머슬킹 80 프로틴 헬스 보충제, 2kg, 1개",54093368,17785,(주)원데이뉴트리션,35500,71000,35500,50,4.5,스포츠/레저 > 헬스/요가/댄스 > 헬스보충식품 > 프로틴 > 복합 프로틴파우더,0,1,2026-01-25 14:43:08.573739+00
3035,7260940221,"하림 닭가슴살 블랙페퍼 100g, 10개",16938973800,22855,주식회사미담,19530,0,19530,10,5,식품 > 반찬/간편식/대용식 > 고기/해물/간편조리 > 닭고기 양념/가공 > 간편닭가슴살,0,2,2026-01-25 14:43:08.573739+00
3036,8518771827,"더바른닭 국내산 냉장 촉촉 닭가슴살, 1개, 5kg",24687496365,1320,더바른닭,23030,32500,23030,39,5,식품 > 사과식초/땅콩버터 외 > 축산/계란 > 닭/오리고기 > 닭가슴살,0,2,2026-01-25 14:43:08.573739+00
3037,9192497930,"국내산 닭가슴살 냉장, 2kg, 5개",20668594705,1133,하면푸드,43990,80000,43990,24,5,식품 > 사과식초/땅콩버터 외 > 축산/계란 > 닭/오리고기 > 닭가슴살,0,2,2026-01-25 14:43:08.573739+00
3038,8800997406,[할리스] 바닐라 딜라이트 로우슈거 450ml 12개,25673466334,404,"(주)케이지에프앤비 (KG F&B Co., ltd)",16910,42000,16910,59,5,식품 > 생수/음료 > 커피음료/차음료 > 커피음료,0,1,2026-01-25 14:43:08.573739+00
3039,9069380309,"아카페라 심플리 아메리카노 무라벨, 400ml, 40개",18011034126,59119,(주)큐브온커머스,41000,55000,41000,25,5,식품 > 생수/음료 > 커피음료/차음료 > 커피음료,0,3,2026-01-25 14:43:08.573739+00
3040,9225842682,"힘업 남성 혈류개선 마사지 크림, 1개, 150ml",20396100717,252,마이다스,74000,246700,74000,70,4.5,R.LUX > 뷰티 > 남성화장품 > 남성 스킨케어 > 스킨/로션/크림,0,1,2026-01-25 14:43:08.573739+00
3041,8639584706,헬리빈 로스팅 원두 산미없는 고소한 블렌드 커피원두,25071431601,160,주식회사 헬리빈,18900,25000,18900,24,4.5,홈카페 > 원두/커피 > 로스팅홀빈,0,1,2026-01-25 14:43:08.573739+00
3042,7975473322,앱코 저소음 텐키리스 멤브레인 87키 키보드,24497236249,1942,주식회사 몬스터기어,20900,0,20900,26,4.5,쿠팡수입 > 가전디지털 > 키보드/마우스 > 키보드 > 유선키보드,0,4,2026-01-25 14:43:08.573739+00
3043,8786107361,AULA WIN 68HE PRO MAX 마그네틱 축 게이밍 키보드 유선,26635369416,273,소아이카 유한회사,43980,57500,43980,23,4.5,쿠팡수입 > 가전디지털 > 키보드/마우스 > 키보드 > 유선키보드,0,1,2026-01-25 14:43:08.573739+00
3044,8008652717,닌텐도 스위치 모여봐요 동물의 숲 한국어,22334083497,12955,(주)컴퓨존,59000,81000,59000,27,5,가전디지털 > 게임 > 닌텐도 > 게임타이틀,0,4,2026-01-25 14:43:08.573739+00
3045,8174924453,하영이네 러블리 다이어리 꾸미기 세트,23360220844,207,도나앤도니 (도나&도니),11900,17910,11900,33,5,문구/오피스 > 다이어리/플래너 > 다이어리 > 만년다이어리,0,1,2026-01-25 14:43:08.573739+00
3046,8384063603,"구쯔야 귀여운 고양이 봉제 인형 파우치 필통, 1개, 검은고양이",24230618762,209,비엔컴퍼니 주식회사,9440,16900,9440,44,4.5,쿠팡수입 > 문구/오피스 > 학용품/수업준비 > 학년별 준비물 > 중고등/대학생,0,2,2026-01-25 14:43:08.573739+00
3047,8780116675,나이키 헤리티지 백팩 DC4244-010,25546128968,1998,더스포츠샵,29500,39000,29500,64,5,패션의류/잡화 > 여성패션 > 가방/잡화 > 가방 > 백팩,0,3,2026-01-25 14:43:08.573739+00
3048,6444374892,"트윅스 미니사이즈 초코바, 500g, 1개",19995326111,21694,구일종합식품(주),12980,0,12980,53,5,식품 > 과자/초콜릿/시리얼 > 초콜릿 > 초코바/스니커즈,0,1,2026-01-25 14:43:08.573739+00
3049,6639066443,"켈로그 크런치넛 에너지바 K, 30g, 3개",18680103827,41467,주식회사 편한세상,4850,7900,4850,23,4.5,식품 > 반찬/간편식/대용식 > 시리얼/쉐이크/선식 > 시리얼/바 > 그래놀라/영양바,0,2,2026-01-25 14:43:08.573739+00
3050,8169189168,페페로치노 분쇄 30g 페퍼론치노 페페론치노,19351336722,344,오허브,6480,11400,6480,43,5,식품 > 가루/조미료/오일 > 설탕/소금/조미료 > 향신료 > 레드페퍼/칠리,0,3,2026-01-25 14:43:08.573739+00
3051,9032373306,히말라야핑크솔트 펌핑치약 285g 플로럴 2개 + 히말라야핑크솔트 칫솔 2개,12827851732,494,LG HNH,15100,16900,15100,10,5,생활용품 > 구강/면도 > 치약,0,2,2026-01-25 14:43:08.573739+00
3052,42032856,블리스텍스 센시티브 립밤,21877305517,5110,뉴트리건강,35100,41500,35100,4,5,R.LUX > 뷰티 > 메이크업 > 립 메이크업 > 립케어,0,3,2026-01-25 14:43:08.573739+00
3053,341621790,니베아 립케어 모이스춰 케어,20647592218,16696,화장품탑케어 주식회사,42560,44900,42560,9,5,R.LUX > 뷰티 > 메이크업 > 립 메이크업 > 립케어,0,3,2026-01-25 14:43:08.573739+00
3054,1629823500,"리템 포르타 컴팩트 다용도 수납 정리함, 그레이, 1개",903818689,15622,(주) 드림오피스유통,6400,0,6400,20,5,결혼준비 > 인테리어/소품 > 수납/정리 > 기타정리용품 > 기타수납정리용품,0,1,2026-01-25 14:43:08.573739+00
3055,9055230703,"스파클 종이컵 185ml, 1박스, 1000개",26580293242,2535,스파클주식회사,9990,15000,9990,33,5,생활용품 > 주방수납/잡화 > 주방일회용품 > 일회용컵 > 종이컵,0,2,2026-01-25 14:43:08.573739+00
3056,8028758937,"아이스 전용 양면 코팅 PLA 대나무 종이컵 12oz 390mL 컵, 50개",24719515171,415,클로에코,10840,11650,10840,6,5,생활용품 > 주방수납/잡화 > 주방일회용품 > 일회용컵 > 종이컵,0,1,2026-01-25 14:43:08.573739+00
3057,7867496248,루몬 4구 에그팬 인덕션 호환 계란 후라이팬,21483890672,746,88그로스,12900,40000,12900,67,4.5,주방용품 > 냄비/프라이팬 > 프라이팬 > 에그팬/간식팬 > 계란말이팬,0,1,2026-01-25 14:43:08.573739+00
3058,45995,티젠 페퍼민트,17006594719,2743,고려유통,5000,5310,5000,5,4.5,식품 > 커피/원두/차 > 허브/콤부/꽃차 > 페퍼민트,0,4,2026-01-25 14:43:08.573739+00
3059,6971832262,동서 현미녹차 25+25T 티백,4085135531,34673,주식회사 코람,5890,7200,5890,14,5,식품 > 커피/원두/차 > 녹차/메밀차 > 녹차,0,11,2026-01-25 14:43:08.573739+00
3060,7986917957,깎지 않는 연필 자이 탄소펜 샤프형 무한연필,21383895638,504,원플디자인,20900,24900,20900,16,4.5,문구/오피스 > 학용품/수업준비 > 필기용품 > 연필 > 연필,0,1,2026-01-25 14:43:08.573739+00
3061,6263564098,VANKYO Leisure 200 빔프로젝터 초소형 미니빔 1080P 지원 품질보증 1년,19636324902,1691,크로스보드인터내셔널 주식회사,75900,90900,75900,16,4.5,결혼준비 > 가전 > TV/영상가전 > 빔/프로젝터/스크린 > 빔/프로젝터,0,1,2026-01-25 14:43:08.573739+00
3062,8763154334,후지필름 일회용카메라 퀵 스냅 플래시 400 27컷,25482384132,123,폴카메라,25200,26000,25200,12,5,가전디지털 > 카메라 > 즉석/필름/기타카메라 > 일회용카메라,0,2,2026-01-25 14:43:08.573739+00
3063,7045799503,Bear 올스텐 다용도 7구 계란찜기,17436281604,5217,패스트포워드,30800,43010,30800,50,5,가전디지털 > 주방가전 > 전기쿠커 > 에그쿠커,0,1,2026-01-25 14:43:08.573739+00
3064,8416748095,무선 전기 티 포트 커피 분유 주전자,24340557153,240,리웰생활과학(주),29610,31900,29610,7,4.5,쿠팡수입 > 주방용품 > 1인가구 주방용품 > 멀티포트/티포트,0,2,2026-01-25 14:43:08.573739+00
3065,8616708452,Mosashoe 전자레인지 선반 2단 높이 너비 조절,22408043684,472,유한회사 루벤타스,21800,38900,21800,43,5,주방용품 > 주방수납/정리 > 주방정리소품 > 기타수납정리용품,0,2,2026-01-25 14:43:08.573739+00
3066,8450063411,UGREEN 유그린 Revodok Pro 10 in 1 도킹 스테이션 듀얼 HDMI 2.0 4K@60Hz 디스플레이 10Gbps PD100W USB C 멀티허브,24446894948,127,"유그린코리아 주식회사(Ugreen Korea Co., Ltd.)",54350,59280,54350,59,4.5,쿠팡수입 > 가전디지털 > PC부품 > USB허브/케이블/젠더 > USB허브,0,1,2026-01-25 14:43:08.573739+00
3067,9127921998,시놀로지 HAT3310-16T NAS 하드디스크 3.5인치 HDD 16TB,24325045594,57,(주)클릭나라 신계지점,724000,1191000,724000,36,5,가전디지털 > 저장장치 > HDD,0,1,2026-01-25 14:43:08.573739+00
3068,6857132027,Toocki 마카롱 C타입 3A 고속충전 케이블,24160663944,8548,티케이씨제트 주식회사,5990,8990,5990,73,5,쿠팡수입 > 가전디지털 > 차량용 디지털 > 차량용 충전기 > 충전 케이블,0,1,2026-01-25 14:43:08.573739+00
3069,2276022352,KBOC2001 드롱기 아이코나 캐피탈 전기포트 / qnc,3905629671,124,주식회사 더수인컴퍼니,108900,199000,108900,45,4.5,홈카페 > 티포트/전기포트 > 전기포트,0,1,2026-01-25 14:43:08.573739+00
3070,8763430549,[당일출고] 스토케 트립트랩 하이체어 아기 이유식 의자,25483537089,59,주식회사 제이앤팜,234000,520000,234000,53,5,출산/유아동 > 유아가구/인테리어 > 유아의자/소파 > 유아의자,0,11,2026-01-25 14:43:08.573739+00
3071,6495601797,뱅앤올룹슨 블루투스 스피커,22568110283,162,주식회사 이오샵,289670,349000,289670,17,5,가전디지털 > 음향기기 > 스피커 > 블루투스 스피커,0,1,2026-01-25 14:43:08.573739+00
3072,8428800964,(피스카스) 펑셔널폼 다목적 가위 블랙 OR 화이트,15983237455,62,호산실업(주),34500,50000,34500,26,5,쿠팡수입 > 주방용품 > 주방조리도구 > 가위/슬라이서/스퀴져 > 주방가위,0,4,2026-01-25 14:43:08.573739+00
3073,7149769938,"[본사직영] 콤비타 해피콜 치약 (프로폴리스 & 티트리 오일 함유), 100g, 1개",14226152187,466,(주)콤비타코리아,11000,12000,11000,8,5,생활용품 > 구강/면도 > 치약,0,2,2026-01-25 14:43:08.573739+00
3074,7088155255,GENELEC 클래식 시리즈 제네렉 스튜디오 모니터 스피커 1통,21134417505,10,받아소리,497000,1000000,497000,50,5,가전디지털 > 음향기기 > 스피커 > 일반스피커,0,1,2026-01-25 14:43:08.573739+00
3075,7180122611,[MILWAUKEE] 밀워키 48-22-9310 3lb. 함마 화이바 자루 해머 006101103,14310074625,240,주식회사 킹툴,18970,30000,18970,36,5,생활용품 > 공구/철물/DIY > 전동/정밀공구 > 기타전동공구/정밀공구,0,1,2026-01-25 14:43:08.573739+00
3076,8616924474,어메이즈핏 스마트워치 T-REX 3,24997166087,478,주식회사 에이치씨에스씨커뮤니케이션,299000,349000,299000,14,5,쿠팡수입 > 헬스/건강식품 > 헬스/요가용품 > 운동측정용품 > 스마트워치/밴드,0,1,2026-01-25 14:43:08.573739+00
3077,1096171387,PFU 해피해킹 프로2 2019년 12월 신발매 키보드 기계식 키보드의 끝판왕 일본정품 무료배송중 무선키보드,2053851140,84,"MITSUYA CO.,LTD.",360890,0,360890,0,5,쿠팡수입 > 가전디지털 > 키보드/마우스 > 키보드 > 무선키보드,0,19,2026-01-25 14:43:08.573739+00
3078,6703615656,빙그레 바나나맛 우유,3986499736,3486,유진상사,23700,24900,23700,37,4.5,싱글라이프 > 샐러드/시리얼 > 시리얼/쉐이크/선식 > 우유/요거트 > 우유,0,4,2026-01-25 14:43:08.573739+00
3079,5117214698,한양국악사피리사 단소 플라스틱 실기용 국악기,6990048939,577,경인악기,5000,6000,5000,16,5,완구/취미 > 악기/음향기기 > 국악기 > 국악관악기 > 단소,0,2,2026-01-25 14:43:08.573739+00
3080,8533718171,에코플로우 올인원 인산철 파워뱅크 델타2 배터리 1024Wh EFD330,24702605189,35,연장닷컴,1190000,1290000,1190000,26,5,가전디지털 > 계절가전 > 에어컨 > 액세서리 > 설치용품,0,2,2026-01-25 14:43:08.573739+00
3081,8365102575,런캣 캣휠 롤러 실내사용 고양이 운동훈련 헬스 캣휠 원목색 다양한 크기,18682422213,439,런캣,129900,254300,129900,50,5,쿠팡수입 > 반려동물용품 > 고양이 용품 > 캣타워/스크래쳐 > 캣타워/캣폴,0,1,2026-01-25 14:43:08.573739+00
3082,446692,"비비고 군만두, 450g, 4개",7256944795,4955,주식회사 에이브,18040,0,18040,0,4.5,식품 > 냉장/냉동/간편요리 > 만두/돈까스/치킨 > 만두 > 군만두,0,5,2026-01-25 14:43:08.573739+00
3083,8404942764,삼성공식파트너 JBL 블루투스이어폰,20130883372,2576,(주)유니씨앤씨,53910,54910,53910,1,4.5,가전디지털 > 음향기기 > 이어폰 > 블루투스 이어폰,0,2,2026-01-25 14:43:08.573739+00
3084,7295770123,KLIFE 고속충전 대용량 보조배터리 20000mAh PD 22.5W QC3.0 잔량표시,18657342774,7928,유한회사 선전뉴파워테크놀로지,17800,26800,17800,29,5,가전디지털 > 1인방송 전문관 > 저장장치/배터리 > 보조배터리,0,1,2026-01-25 14:43:08.573739+00
3085,6514164187,"메종드펜세 퍼퓸 에어 프레셔너 20g, 2개, 오리엔탈우디",14402048059,16744,주식회사 서포유통,15900,0,15900,6,4.5,R.LUX > 뷰티 > 향수 > 홈 프래그런스 > 카 디퓨저,0,2,2026-01-25 14:43:08.573739+00
3086,8769211278,"바이향 차량용 디퓨저 150ml, 호텔우드, 2개",25505394790,418,파주프로방스허브,12300,25000,12300,56,4.5,R.LUX > 뷰티 > 향수 > 홈 프래그런스 > 카 디퓨저,0,1,2026-01-25 14:43:08.573739+00
3087,9015963310,양지다이어리 2026 유즈어리25A 다이어리,26431610026,1140,주식회사 아주문구,13600,0,13600,37,5,문구/오피스 > 다이어리/플래너 > 다이어리 > 한해다이어리,0,4,2026-01-25 14:43:08.573739+00
3089,1201273662,향기랑 20L 섬유유연제 (라벤더),2186270771,5374,필코리아,13820,14900,13820,7,4.5,생활용품 > 세탁세제 > 섬유유연제 > 액체섬유유연제,0,3,2026-01-25 14:43:08.573739+00